p_iso3,p_country_name,fsi_2022_ss_p,contr_ss_fdi_inward,fdi_inward,contr_ss_fdi_eq_inward,fdi_eq_inward,contr_ss_fdi_debt_inward,fdi_debt_inward,contr_ss_fdi_outward,fdi_outward,contr_ss_fdi_eq_outward,fdi_eq_outward,contr_ss_fdi_debt_outward,fdi_debt_outward,contr_ss_pi_inward,pi_inward,contr_ss_pi_eq_inward,pi_eq_inward,contr_ss_pi_debt_inward,pi_debt_inward,contr_ss_pi_outward,pi_outward,contr_ss_pi_eq_outward,pi_eq_outward,contr_ss_pi_debt_outward,pi_debt_outward,contr_ss_imports_tot,imports_tot,contr_ss_imports_agric,imports_agric,contr_ss_imports_chemic,imports_chemic,contr_ss_imports_electro,imports_electro,contr_ss_imports_machine,imports_machine,contr_ss_imports_metals,imports_metals,contr_ss_imports_mineral,imports_mineral,contr_ss_imports_stone,imports_stone,contr_ss_imports_textil,imports_textil,contr_ss_imports_vehicle,imports_vehicle,contr_ss_exports_tot,exports_tot,contr_ss_exports_agric,exports_agric,contr_ss_exports_chemic,exports_chemic,contr_ss_exports_electro,exports_electro,contr_ss_exports_machine,exports_machine,contr_ss_exports_metals,exports_metals,contr_ss_exports_mineral,exports_mineral,contr_ss_exports_stone,exports_stone,contr_ss_exports_textil,exports_textil,contr_ss_exports_vehicle,exports_vehicle
USA,United States,67.425003,232.04167,105313.639913506,258.62909,96482.0914379364,226.33644,11387.18035409,175.45421,36828.098,204.12668,39204.074,248.0099,3653,303.17593,170654,442.99503,143671,218.34332,26983,158.25195,21684.84990703,227.90855,18594.60930246,110.51222,3090.24060457,127.76869,29706.742,87.936226,1314.761586162304,181.94911,8729.3704742833,154.88881,2346.022986142121,167.22717,5742.627162033902,107.73827,629.9080906620324,297.00012,9079.257422210592,114.46462,225.2896264274195,85.004753,268.5950338815397,138.96059,1370.908067255884,121.79015,21953.512,159.9543,6505.202592297813,128.08167,2098.138315231225,127.79024,923.7892186297159,151.98224,2913.000834406522,202.16635,3349.818933899511,194.88129,2432.461752422412,203.03958,1117.50682060508,115.35555,571.6443016316001,181.52803,2041.948912658397
NLD,Netherlands,64.625,221.75546,134646.0017,226.96539,95516.2369,241.17097,20179.55408459,103.4172,11047.146,234.77873,87375.953,191.31293,2456.1748,120.3466,15635.7082,146.32013,7583.478,128.48213,8053.4573,30.977407,238.24739698,42.349228,174.75335159,26.651968,63.49404539,46.329498,2074.6184,46.319172,281.4554900350519,72.029854,793.3310976725155,48.387524,104.7746319181677,62.502499,439.2036198996431,44.822021,66.43933247730975,81.371346,273.5134177665263,31.343699,6.775820082337363,36.471832,31.07597965399176,47.070629,78.04896419060975,72.181282,6694.6064,119.33935,3957.381722430139,60.942329,331.0658046653957,29.034491,15.87107082704431,46.162048,119.5642209760388,100.86454,609.3883007456502,147.55328,1546.556853735413,35.42614,8.694873839957173,41.230274,38.23340566407749,51.386658,67.84984244284779
VGB,British Virgin Islands,70.650002,131.9214,12709.0117516558,148.93655,12100.3423093758,105.4285,755.7983578200001,236.81818,59471.957,271.40591,60515.828,97.804482,147.12891,,,,,,,53.598057,553.2679194299999,80.501755,538.14644334,21.584957,15.12147609,5.9324579,1.952832,2.5584333,.0212639995068312,2.1312263,.0092130000591278,15.318601,1.49041999348253,5.6917305,.1486969963312149,,,9.1321678,.1733329925537109,,,7.2111397,.1076860033497214,1.877075,.0022190001010895,14.767607,25.702602,27.175047,20.94899737603765,2.8001626,.0143980003520846,.70760804,.0001030000001192,10.477445,.6267689978480339,.68346298,.0000850000008941,4.3991714,.018375,9.8461695,.083693000793457,,,26.153124,4.010180076172575
CHE,Switzerland,70.050003,125.08549,11698.3065758223,133.92885,9500.628982872289,160.1938,2862.89271951935,,,72.59977,1250.6995,155.03024,632.71368,103.87772,4867.60111887687,131.61797,2671.98197034245,106.10204,2195.61914853442,72.7108,1491.49351469,104.35786,1265.89051171,51.795181,225.60300298,60.70607,2259.4011,37.302715,71.1672517450028,119.39924,1749.255114473484,57.398514,84.66217718737107,66.074432,251.1919438076811,47.331219,37.87262871334597,26.886572,4.776414907131111,45.629299,10.11985092831217,28.704973,7.334241969976574,49.152481,43.02144844530523,55.965836,1510.6079,55.422951,191.8922327917857,40.21846,46.06435544645391,21.338884,3.050073002838064,44.76667,52.7888200376255,46.388584,28.69745972992992,41.694874,16.89269383876398,221.82262,1033.334250839505,27.091808,5.250973005432403,81.829865,132.6370213338081
BHS,Bahamas,75.474998,122.09462,5559.51609083142,120.16738,3506.99524279142,185.33092,2265.4631833,277.50739,52804.688,317.52997,53474.496,134.88165,212.94234,161.73677,9389,105.33877,700,209.91634,8689,68.131706,627.07250889,95.379173,493.88596595,54.347481,133.18654294,8.0856361,2.728255,,,,,,,,,16.300695,.7905809936523438,24.89506,1.937673950195312,,,,,,,34.028893,173.5289,36.432453,27.85474181745481,12.764649,.75259400517412,6.7634892,.0496310000480153,15.739437,1.172439969245228,11.387718,.2169530001314124,106.09264,142.2172389530111,26.081793,.8583830180685036,10.968909,.1780990006129723,12.275498,.2288189934156835
CYM,Cayman Islands,72.625,119.78759,7423.95903406602,127.46104,5917.80246135602,152.03302,1768.39717841,256.22675,58772.59,309.09549,69746.641,128.80952,262.2406,222.81714,34712.95283165,201.81932,6961.04204236,275.42477,27751.91078929,124.32303,5387.378900600001,185.11896,5105.88865188,62.138794,281.49024872,6.6475191,2.143749,,,1.2131997,.0013259999752045,15.541077,1.21430800780654,1.3089042,.0014110000133514,15.312759,.9267039794921875,,,,,,,,,20.831829,56.29414,32.593842,28.20286919965968,4.3015127,.0407240008637309,4.5275145,.02105100083258,11.734631,.6870430056581972,6.4875183,.0567210000189953,31.090313,5.060860980801285,14.162703,.1943389988313429,8.8088675,.1304319982747547,50.027203,21.9000960007906
SGP,Singapore,67.25,110.37752,11603.4378501133,111.77557,7972.848041283301,154.91115,3737.30847652,51.772438,968.59454,31.759787,151.15509,75.790222,106.71867,,,,,,,15.249195,19.86132545,22.254423,17.7219836,19.027912,16.1470388019061,40.46484,965.99139,25.947966,34.57894090568856,58.641819,299.1669395329815,68.933876,211.7036587003171,54.780277,206.6430966860596,34.555664,21.2756626322302,33.80669,13.70712489259243,22.794012,1.821158980665728,22.980801,5.432780026018619,68.980705,171.6620935995886,66.43959,3648.4343,67.39727,498.1477605662033,34.326771,41.34569809936232,27.878805,9.818846048997482,50.123901,106.9682604120697,70.681908,146.5472294894489,203.50636,2835.4883635621,24.758423,2.074126046628575,21.399118,3.735564925579238,23.102312,4.308621997419745
JPN,Japan,63.125,110.23539,20432.7124067645,122.8552,18714.204160523,99.185585,1734.10144318248,19.069891,85.56752,30.485952,236.32379,45.793526,41.613194,96.541054,9971.13610648461,122.74023,5529.80271615362,98.194893,4441.333390330989,83.516197,5767.63485477178,17.065226,14.12594208,111.58242,5756.05519637171,52.889763,3813.0525,18.99555,23.98144711519778,62.231277,632.0268701971545,66.749115,339.7700117398426,78.23333,1064.000145114643,67.459099,279.8111492481344,35.110909,27.14456087080948,49.143703,32.26318500719965,30.108885,21.59875110630773,114.62799,1392.456404599629,57.735088,4232.1714,95.582703,2511.812635598953,51.725021,250.0641916511121,20.258814,6.660367061339668,37.335381,78.1448052698574,80.794647,386.9178295199678,117.01491,952.873911572257,38.741634,14.04811684527248,31.844864,21.76230307705212,25.201622,9.887252860597801
ESP,Spain,56.575001,108.86748,52753.204990814,123.91119,51465.207091964,69.9916,1633.2701,57.617855,6325.9668,67.162277,6772.915,51.059914,154.61459,46.571434,3000.2595,,,,,27.876301,574.8868535800001,25.490192,126.18048777,34.314503,448.70636581,33.719429,2648.4392,30.983414,278.9324227418953,51.609688,966.2609210029952,42.036007,227.4595867286697,37.533009,314.9181704404298,41.156208,170.3102875580583,61.638466,393.6438901923522,43.913357,61.69996271441877,32.987091,76.13217347625456,40.041176,159.0821541160643,41.09462,4090.6284,65.31601,2148.323747832841,33.005405,174.139054843659,21.418411,21.09644415132701,24.135563,56.58510084748222,34.202148,78.67242758631764,98.178711,1508.534351553045,27.282755,13.15044174895319,22.38051,20.24827399087348,34.816643,69.87830084525794
LUX,Luxembourg,54.974998,101.33868,55082.5679247996,109.9046,46490.4738827796,113.36739,8985.014845469999,64.878181,11691.922,93.333107,23531.02,104.20523,1701.4252,100.36185,38872.2881424654,127.07357,21293.1560986956,102.59868,17579.1320437698,49.183189,4087.53221114,73.814621,3966.7445626,20.329178,120.78764854,8.3026352,51.183655,2.8738184,.2881530051752925,12.037509,15.8724771674294,7.8071046,1.886443990384694,13.695539,19.80747310447227,13.183966,7.247813980314881,2.8523893,.0505019989013672,5.219255,.1341079989625141,12.144321,4.918016076611355,6.7318482,.9786739680767059,9.2122974,59.658607,7.0082846,3.435658980642678,7.3346238,2.474051035442855,5.1689329,.383869992560707,10.914591,6.774640961332246,15.067444,8.707936773732538,25.76713,35.30494178124122,3.0982451,.0249319995418191,5.739655,.4421500005694106,9.9483547,2.110422999687493
BMU,Bermuda,70.125,100.63501,6033.466935989801,114.84351,5932.897212099801,,,96.448967,4296.4888,109.59788,4261.585,,,55.346062,729.1643604490109,45.836094,111.770774980774,69.735344,617.393585468237,30.374384,107.68730887,45.611904,104.68218613,12.317502,3.00512274,.46871355,.00103,.59635568,.0002880000136793,.74152768,.0004149999916553,.35596585,.000019999999553,.57270461,.0001620000004768,,,,,,,.77867377,.000144999999553,,,8.1341152,4.593369,12.062539,1.959395938264672,4.1288753,.0493629999868572,4.2697935,.0242009998969734,9.1204176,.4421190198939294,6.9610991,.0960420003384352,20.228035,1.910422974621877,8.1200209,.0502010001093149,5.9857588,.0560920011037961,2.846941,.0055320000648499
CHL,Chile,59.775002,78.498436,12052.63988692,88.553246,11448.28495592,60.921009,656.3966676699999,58.750439,4087.2729,68.578308,4394.4502,86.149666,452.60126,49.240177,2161.24293644268,47.389637,519.9184135307841,59.832508,1641.3245229119,13.880816,43.25802347,20.838898,42.01863303,5.6786461,1.23939044,41.824684,3080.2942,53.994904,899.734113210042,44.186726,369.5907297696089,13.591949,4.686295057092677,20.898737,33.13313793447521,93.846588,1230.651325059133,77.352684,474.1535480375886,25.075466,7.001431782316416,15.548348,4.85885186659731,33.442211,56.48467481052131,47.940655,3958.1458,60.930923,1062.915643616411,56.760773,539.7973117218667,51.01725,173.7574030532737,50.549618,316.8313918058891,60.732475,268.4541729077034,90.93705,730.5847446804843,47.694481,42.81784465927817,45.427135,103.1974450577921,89.349709,719.7899035124163
JEY,Jersey,63.450001,74.175713,5943.96209398717,84.900681,5897.28663681717,,,,,28.636806,187.02934,,,37.685665,566.324,57.045887,530.09,20.074615,36.234,12.22244,17.26184171,18.326807,16.70589283,5.1990395,.55594888,,,,,,,,,,,,,,,,,,,,,,,,,,,,,,,,,,,,,,,,
KOR,South Korea,63.799999,72.918541,5374.070574056949,82.704109,5187.98341340695,76.333359,718.28765915,12.732799,23.145269,19.111679,52.909187,27.174189,7.9015985,99.535988,9930.6,87.55706,1824.1,123.8949,8106.5,42.321304,682.00749862,,,56.581577,682.00749862,58.106159,4594.6338,18.199558,19.16588197583833,72.5867,911.3958124485307,109.04274,1346.062216450904,72.099655,756.8193309164399,73.984085,335.4167877229573,37.725689,30.59811717817932,44.66169,22.00572008765489,46.348244,71.59306859382043,109.45264,1101.576644588687,57.596771,3818.2524,93.216202,2117.142436153137,37.576839,87.12379396901979,29.899141,19.456228879545,24.335161,19.66380504179432,69.323532,222.0953410563225,129.96555,1186.377639827546,64.068481,57.73563495032815,51.418388,83.2469765476454,35.639507,25.41041368633509
DEU,Germany,56.700001,72.201866,15085.9674,73.124062,10368.995,102.87274,5083.8753,,,25.803516,376.53882,68.633972,368.12997,58.365311,5789.4578,68.184776,2491.013,64.441536,3298.4448,18.533964,165.63625706,27.064346,148.06044065,11.731071,17.57581641,52.3787,9731.6641,33.362267,341.3905224355869,78.182922,3293.139440496416,65.450813,841.70239045991,79.82547,2969.995398325938,61.788147,564.9681304224169,27.172176,33.05938951455057,85.949844,453.5277885124757,37.477345,109.4500698634749,77.354622,1124.432356753423,42.357304,4391.3042,65.285385,2103.111531172972,40.682293,319.6912781167468,36.016014,98.33495581718162,48.762482,457.467937319138,45.822308,185.4671004461342,82.18782,867.5592920488341,66.498253,186.6723372917357,35.07291,76.39537113729538,39.0434,96.60465017188993
PAN,Panama,72.724998,70.840599,1516.59184529626,80.444145,1469.37727884626,60.177238,108.31402569,137.96553,9062.2305,157.67027,9143.585,79.58902,61.099461,43.410969,253.551422431325,19.30088,6.01366398913429,57.355968,247.537758442191,29.9828,74.6381722,44.322342,69.21632406000001,16.725672,5.42184814,27.584585,151.29213,11.814596,1.613746979378164,25.108021,11.60929320827965,24.239748,4.550841960728168,24.411201,9.040509064680432,29.149391,6.313802113872953,85.944427,111.3445078125,20.012787,.6093759933896363,30.266745,6.136219029076398,6.5850148,.0738309999406338,41.236561,431.27084,36.527744,39.20819920106651,48.109966,56.2747832629981,33.78487,8.639363952642306,50.302402,53.45194967496139,39.225761,12.38352377975674,111.67182,231.6336765014501,53.082623,10.10649195992202,39.34584,11.4800069314572,36.048271,8.092870990544558
CHN,China,66.449997,69.348724,3205.06007179,73.166199,2490.46347179,86.097672,714.5966,41.423698,552.54639,39.887951,333.49634,,,60.462067,1543.1757834,84.829781,1150.1426004,51.043629,393.033183,20.597363,54.51025596,29.855587,47.65583892,13.796164,6.85441704,131.39526,36834.516,77.145912,1012.083431005908,163.88737,7272.83432345071,248.85513,11092.92018051056,179.71127,8125.497282839469,161.57375,2422.220273488499,70.026482,135.6755105675692,147.1893,546.12249394961,195.23363,3709.935766406565,162.88646,2517.226823053658,170.00311,68072.578,263.18436,33035.9972205065,74.799271,476.43043027685,55.682278,87.12942594844661,54.872482,156.3003792574011,171.07936,2314.310773031951,435.00171,30842.00177443932,76.554718,68.29014790447103,136.4995,1079.785878825579,31.637871,12.32451314032543
ITA,Italy,54.849998,60.455791,11937.1220423,63.569992,9182.697302100001,78.048477,2992.5753998,21.930357,460.91858,27.946121,644.75635,53.736576,238.15065,32.386368,1333.2706774478,27.511763,220.5601651477,40.61042,1112.7105123001,13.147784,79.70143648999999,19.402994,73.53779312,7.4890313,6.16364337,35.691227,4150.1641,29.111732,305.7361252816222,48.662823,1070.346101073095,44.152237,348.2807773416415,58.161919,1548.478984784001,44.467033,283.8447462946183,25.725004,37.81342290544882,45.078297,88.19197017345485,31.68759,89.17337901860849,48.704288,378.2981522546411,34.132378,3097.1792,56.278984,1815.979929539524,28.937687,155.0829025748981,25.021748,44.44592266223673,33.970364,208.4787799121606,39.459259,159.6396445700821,56.48288,379.564278570056,69.822739,291.2714303027078,21.526968,23.8099389301429,20.520952,18.90626082591713
HKG,Hong Kong,64.949997,59.201244,2448.81435138839,53.375019,1187.42247277839,,,28.683569,225.3015,27.663328,136.62233,,,34.588943,354.830388236812,21.528381,23.0878369663356,45.045498,331.742551270476,14.741192,24.54050859,20.610012,19.25380165,11.814511,5.28670694,33.222244,731.21515,20.585808,23.61695198052749,33.518009,76.40897260899283,72.882904,342.2359381902143,48.069279,190.9718631690573,38.07132,38.91684394137282,22.853153,5.791555985093117,34.268314,8.464126934699713,40.231743,39.87047971810401,19.041172,4.938454016894102,51.873852,2375.1421,96.972008,2029.498539964592,23.909098,19.10906587382814,37.522667,32.74443771800049,33.878895,45.17793447357801,44.62709,50.45067649354506,67.783302,143.3112301425305,58.881878,38.16186733538145,31.597988,16.44997608477622,7.9288888,.2382470052782446
FRA,France,47.875,55.331074,31124.5944483254,58.117535,23864.1441992454,74.864021,8982.180636557359,20.241379,1232.5883,24.577047,1491.5254,46.122139,512.13043,37.436859,7003.9051719,51.008396,4780.8736325,34.011192,2223.0315394,13.175517,272.7859535,19.719191,262.53199916,5.900744,10.25395434,22.737852,3649.553,16.802694,199.935527371689,36.203671,1498.996077919512,26.383202,252.7343882304542,30.104534,730.2902775245849,25.317806,178.1784114582658,12.482106,14.69107863678038,22.085751,35.27552472406347,16.944183,46.37031671647635,39.629063,693.0817220479399,19.793907,2054.3369,30.901655,1022.416980628456,17.222952,111.2002405486426,15.706618,37.38845285284496,22.251911,199.2846665526703,17.443357,46.90235965174193,36.367176,344.5672755850977,18.684837,18.98391207964346,23.153397,100.7544669131514,28.532461,172.838799803067
CAN,Canada,51.150002,54.31105,16226.6645924082,60.517555,14853.7647790915,51.687141,1629.58929682638,33.586903,3104.387,30.131756,1515.2458,44.681648,256.68948,57.73838,14164.5924082141,82.352654,11091.3192283759,46.208042,3073.27317983821,11.878836,110.20690027,17.373089,98.97241606999999,7.4188728,11.2344842,21.538412,1710.0179,17.264082,119.5506172249769,37.465118,915.7825987587684,17.536932,40.91767294640839,26.839846,285.304060642615,26.115761,107.8085433314457,21.740656,42.79334645557311,15.921515,7.285485828157515,9.3687992,4.321137959563173,31.188789,186.2545009951592,31.112953,4398.1406,31.653835,605.8011209702361,45.15517,1104.774419358971,21.18294,50.56108976035263,25.131706,158.2726953929871,41.221455,341.2263830073833,33.363003,146.6590663184092,106.30029,1927.03309214815,17.351444,23.37734876909736,21.441467,40.43479908458237
MEX,Mexico,53.075001,53.780537,11299.0181289451,58.912689,9826.9732680751,74.979675,3567.484,35.804165,2696.916,29.630638,1033.317,19.513929,15.334,35.825111,2426.46263351041,7.6420989,6.35607753281191,47.671825,2420.1065559776,35.015472,2024.26766824,15.602551,51.41273731,46.414288,1972.85493093,30.964693,3643.8523,15.531879,62.43012778396346,40.36171,821.1460191182019,47.14603,570.1462037248423,39.678764,661.0634945191201,39.784309,273.32630630491,20.831179,26.99607683009654,38.252533,72.45804148929381,26.686115,71.61485047551943,62.689579,1084.671287526309,33.596165,3971.1406,42.819302,1075.40157413203,39.150021,516.354546605793,40.568439,254.696762073887,47.833942,782.6171275591664,45.882267,337.4489424843899,39.287857,171.7470729662421,39.560196,71.22987116364297,25.066666,50.54507652532263,62.293953,711.0995180978681
MYS,Malaysia,65.75,51.676678,1458.80518183297,36.939518,352.545587412974,,,,,6.3863983,1.5056596,,,48.84,894.718147293795,75.4897,891.5846870022431,9.87815,3.13346029155245,4.3108377,.54969433,6.534761,.54969433,,,38.55912,1023.9765,31.720856,77.39361944622081,58.351746,361.0951611692095,71.657021,291.3234589926945,48.24202,172.8993890431983,36.627422,31.03938615543745,45.123867,39.93247759541869,45.650669,17.92238497088849,25.31119,8.892686035576277,33.214951,23.47800709795952,60.390854,3356.6641,74.119255,811.6955181611245,35.397358,55.5408750583129,24.675283,8.340520941608236,26.365828,19.07275105438707,43.979225,43.24783702430955,176.49454,2265.981588827725,23.851446,2.271846970284358,65.447914,130.925678703099,35.766716,19.58746183047444
THA,Thailand,69.824997,51.14637,823.230695422714,29.797987,107.712426384704,99.936897,715.51826903801,27.340256,101.71529,26.427494,62.099812,27.33712,3.5710118,14.684204,14.15383,22.523434,13.783731,5.8047786,.370099,.79817426,.00203092,.35076103,.00004948,1.0583835,.00198144,51.331619,1406.1353,28.69985,33.36359754349245,66.874657,316.3794583202496,78.059418,219.1989562284123,77.217529,412.6938943381838,60.827572,82.74827901581583,16.636271,1.164766038086033,51.105251,14.63572888407484,56.468067,57.47349914948141,89.62471,268.4770308198107,61.238483,2037.1887,115.91872,1807.2748098588,45.021835,66.51711428503494,26.556778,6.051963991533965,42.916992,47.87849110669084,59.579494,62.58577514610975,27.865696,5.190816971268505,25.760857,1.66601699658297,51.012287,36.08487996822968,25.097149,3.938923071466387
NOR,Norway,53.299999,50.871326,9205.550624978139,56.379604,8291.337777958141,48.656372,938.46015543,8.429574,33.880424,9.0634985,28.468418,23.024612,24.247309,51.535122,6953.22391559203,74.06649,5570.33997655334,40.064259,1382.88393903869,5.2711625,6.64771604,7.1063361,4.676128009999999,4.6997013,1.97158803,18.1646,708.11401,17.966009,93.01272026421316,21.075258,112.5370981276741,16.429483,23.2267159218844,22.752048,119.9763219180387,28.199522,93.69928307435289,28.148968,64.12268232965469,6.4091129,.328069000069052,10.486176,4.182766902949195,35.957024,197.0283029117733,21.208071,961.6452,25.402918,216.1563464200152,40.947044,568.7021828361979,15.440684,13.51834092836967,13.421708,16.64291893590242,19.202913,23.81442782790912,34.969818,116.5895798113896,5.6257997,.1971990034710616,6.6130242,.8934179855340626,12.191057,5.13076296029333
GBR,United Kingdom,47.174999,48.589161,24065.0446182711,50.897179,18301.1017812511,62.909283,6085.25306047,31.279549,5193.3921,35.637203,5191.8765,40.636364,399.91599,63.765362,39515.5926,85.081535,25331.4578,60.355511,14184.1348,17.799974,767.97863399,25.920309,680.78109857,11.523571,87.19753542000001,18.725527,2327.3704,14.413339,144.0850603663269,27.267242,731.2038658152567,17.078356,78.26940468838811,30.142529,836.9716972424109,24.491625,184.1626812497741,15.584067,32.6440865176823,15.326081,13.45867902196385,13.03719,24.11582911583921,28.11125,282.4590439798832,20.525618,2615.3979,31.533987,1240.484812564562,19.176832,175.2611420067027,13.77115,28.77213122052979,20.863745,187.5515127848601,19.755573,77.79386486593343,24.829752,125.2086818400199,59.106823,686.1238228667751,20.316166,77.7172200543757,12.472717,16.48461608594656
PRT,Portugal,56.875,42.881462,3073.91326884303,47.383007,2743.96412825303,56.158371,804.437676,50.835567,4142.7349,57.433556,4038.5457,57.256763,207.88301,25.321981,459.855725,36.153355,361.172343,20.191063,98.68338199999999,25.31394,410.47298938,32.930428,259.41399966,24.252863,151.05898972,23.355951,839.20966,38.025948,491.6769628131473,17.353367,35.02518216009345,20.711466,25.94183307897812,21.817713,58.98121721165953,23.150442,28.90287797059957,27.075817,31.81420610520244,29.752726,18.29800375547633,21.5345,20.19616103425412,37.87463,128.3732545555904,30.900877,1658.3494,39.530918,454.1297558854814,19.369658,33.56102069006092,20.419003,17.4292781300135,16.325666,16.6982498437363,39.353722,114.2742110728496,86.5466,985.3302089203112,17.106129,3.09071703469567,26.174091,30.8831245650216,12.320943,2.952851974003017
ARE,United Arab Emirates,79.224998,42.460609,151.138070530789,45.565708,123.582657320789,,,21.910612,16.798876,31.715916,34.442303,,,,,,,,,23.325693,16.26453072,34.487381,15.09088077,12.983233,1.17364995,62.145935,800.66058,32.103134,14.98354178012907,55.825298,59.05476534706074,37.49287,7.79375594635494,51.490879,39.26535479149268,50.715565,15.38932812085655,136.59871,206.8944589595795,40.899612,2.407207968031988,29.544727,2.641416967418511,155.76364,452.2308304450643,91.168587,2156.9082,153.20277,1338.756876997708,59.731037,49.84276633585385,59.575985,21.92411896785116,74.377747,79.96866847214756,112.24821,134.2955647493015,105.99876,91.67831937072985,236.95714,416.050516187265,57.857723,16.89363501136866,45.431976,7.497689942851663
BEL,Belgium,52.525002,41.658787,5767.67408708219,45.626392,5013.68518,31.265213,284.07365,27.813602,1388.5253,31.669376,1385.6211,17.201132,11.53474,18.922035,392.672,27.146749,312.9105,14.814134,79.7615,14.103013,145.25765499,19.275864,106.4733448,12.141346,38.78431019,23.631994,1779.0042,21.386806,179.0092098643175,37.758305,738.3542023930213,20.50712,51.53237806636933,30.333805,324.387979673936,23.571064,62.43078577269404,23.168913,40.79354824477574,45.695335,135.6553687579813,16.671089,19.17584103412344,36.109608,227.6648002452203,27.119623,2294.1013,42.936172,1190.795370500365,28.037855,208.306003005866,17.020826,20.65930539846269,22.340055,87.56066225480032,36.462208,186.002085858772,39.934952,198.1022345878631,64.570839,340.1820431394649,19.671227,26.82865293370793,22.266115,35.66493580827862
URY,Uruguay,57.974998,39.233273,1981.40073506553,48.430904,2466.06357581553,27.277222,77.58453388,55.846058,4622.6133,61.726688,4219.6162,84.493042,562.24738,30.231018,658.586283120125,28.85318,154.5167962156,36.829796,504.069486904525,16.092972,88.76466156000001,22.278143,67.60273468999999,13.341068,21.16192687,26.73974,1059.9254,43.26392,609.4570962641327,34.667961,235.0390311675407,6.0824904,.5530169952344149,11.059544,6.465820923427586,25.40505,32.14766576526453,37.281075,69.89848124217987,19.290642,4.197489035240374,21.10004,15.98969792049378,35.124657,86.17706463554501,33.606911,1795.4586,44.701332,552.6582154893842,40.36908,255.7065879646288,29.499729,44.23397648281511,33.553719,122.0130438992581,47.994411,174.4572137671032,54.273052,204.5080333290338,39.366386,31.70346777751204,44.495564,127.6975431042136,59.683022,282.4804533632262
WSM,Samoa,73.025002,38.087692,227.13563847526,8.8206253,1.86662635526007,77.768089,225.26901212,10.817545,4.2093849,12.32577,4.2093849,,,,,,,,,,,,,,,6.4569535,1.869861,,,4.8864341,.0824620006084442,15.325313,1.108268027052283,5.4241161,.0955699976347387,13.009911,.5409219890721142,,,,,5.8474255,.0426390005201101,,,5.8083043,1.161342,11.088988,1.057045005142689,3.3057177,.0175919995428994,3.1571877,.0067940000891685,3.0176301,.0111199999600649,6.6639271,.0585100000277162,,,2.3629081,.0008590000253171,3.7296038,.009422000169754,,
MUS,Mauritius,70.125,35.551178,266,33.781307,151,55.039024,115,34.646088,199.15146,39.200348,195,,,,,,,,,3.5731118,.1753,,,4.7770805,.1753,4.3949594,.84913999,1.6904765,.0065600001476705,3.5312791,.0448190003130585,9.7407761,.4098130038692616,4.9240794,.1029670007750392,,,,,,,9.7537479,.2849810054749251,,,14.379849,25.378353,25.662163,18.86625956691429,8.1025734,.373056998527376,6.9799051,.1057209984157234,14.922905,1.936667995499214,7.6758947,.12877000087942,4.4348607,.020132999420166,12.128186,.1672739989338443,24.351292,3.776672017756384,2.5126181,.0038029999807477
AUS,Australia,56.150002,34.186363,1748.18036676181,42.379448,2203.54220000001,,,22.276457,391.2616,22.015282,255.29674,,,50.586952,4115.17860000001,73.618683,3422.76880000001,37.208736,693.180000000002,10.123405,29.46659004,12.971951,17.79762163,9.9390163,11.66896841,19.632017,559.39343,16.416201,44.40198538610339,17.913864,43.24559762530285,20.57164,28.53117374561867,20.150537,52.15438171528606,25.500229,43.35509610416391,57.664165,344.9365763232447,8.4276772,.4667580015659332,7.9999208,1.162161004006863,7.5462189,1.139625989712775,19.933241,499.62247,28.033863,181.7869737371709,23.356884,66.04786554588075,22.789433,27.19700694521144,31.765177,138.0565067190719,19.830994,16.41228399189422,7.606751,.7508860032444354,25.377748,11.32682182992809,21.776653,19.96294102430716,27.802593,38.08119754624366
COL,Colombia,54.325001,34.0979,2335.39696399949,39.571075,2415.12252319949,,,37.071949,2427.8135,41.825214,2356.8806,,,14.794869,138.5979606555,21.667286,117.4835774246,10.523792,21.1143832309,8.2428484,21.41570188,11.857907,18.30292714,5.7942657,3.11277474,23.455929,1284.4901,20.432379,115.2634068657828,38.460827,576.2090255713786,14.536393,13.55293065542681,11.975679,14.73946017923206,24.97768,54.85478671761323,57.789387,467.429095304966,20.276747,8.752119096979499,20.725525,27.2067177881914,12.199446,6.482532989512197,30.547352,2420.9138,35.597069,501.0798744725669,41.174599,487.1387100307358,31.387762,95.66473952518031,35.744862,264.8464559962424,44.343777,247.0494882075338,21.204948,21.89970694601536,35.625187,42.18623231657886,32.427155,88.74175268172507,65.562309,672.3071666373462
PRI,Puerto Rico,78.300003,33.446728,82.10705153712111,38.377155,82.0664428371211,,,,,,,,,,,,,,,28.969404,34.63065247999999,42.326481,31.00805188,18.249126,3.6226006,,,,,,,,,,,,,,,,,,,,,,,,,,,,,,,,,,,,,,,,
AGO,Angola,79.449997,32.493172,66.0247517816441,29.034206,31.1665149416441,59.228943,46.59061505,77.872475,735.16321,83.462563,611.85822,59.868706,11.732378,,,,,,,12.434812,2.40198788,18.849821,2.40198788,,,43.954239,276.13901,3.508889,.0190720004166942,4.6300344,.0328419994674623,4.869555,.0166450000908226,8.745883,.1875620012742002,9.7660398,.1071190017422196,151.59103,275.6415710449219,6.304121,.0085929999756627,10.565266,.1177480024877004,4.0632081,.0078250000178814,50.887863,365.6402,87.65583,244.4327272734009,35.473461,10.17718904771469,41.036015,6.984240137380548,57.222626,35.49844895924954,48.679768,10.6778590015443,14.665591,.2366890012752265,33.879311,1.185373991340166,58.126125,16.6981509826642,79.895935,39.74950840897299
AUT,Austria,54.625,31.622902,1772.79137,29.114735,915.4166,57.646126,1251.20578938,36.712585,2243.875,73.07563,11962.317,68.356377,508.68088,28.334112,926.4605,21.578838,110.439,36.15519,814.7944,12.926826,78.60512151,17.286425,53.96180036,11.740611,24.64332115,20.503984,816.51117,20.940863,118.0845029303792,28.686378,227.5233859288338,27.948357,91.66565011195267,29.180599,202.9262918661674,29.193117,83.34400618856237,12.227672,4.213835037386045,26.455408,18.49849717661552,18.055073,17.11716680142772,25.007376,53.13778720515966,14.483232,245.54422,19.527767,78.7220902716918,10.261706,7.176253035406815,14.462642,8.906116866806522,20.476074,47.37704007029138,23.947195,37.02749595685839,25.38946,35.77353444286715,12.676967,1.808921982269501,11.913436,4.187812007579486,22.117979,24.56495756569132
PRY,Paraguay,66.224998,27.47019,205.382238643492,30.443089,184.957450453492,,,51.247025,1078.6616,58.14846,1065.2158,,,,,,,,,13.90781,17.30121626,19.093679,12.85183883,11.824485,4.449377429999999,56.523197,3023.1042,76.197479,1005.440870681861,38.461189,96.91528399284789,58.534245,148.8309589643422,27.476065,29.93951150882337,50.398048,75.78783113888652,152.42532,1442.589584984303,30.672743,5.095376916511682,74.988144,216.7392189996564,14.32543,1.76541802406311,53.517643,2189.5234,66.384155,546.5849347536492,77.5392,547.177675984709,61.571613,121.4542238970641,68.609047,314.990505090882,72.081841,178.4693127616238,59.226341,80.25490331302956,78.73745,76.60254921811307,68.088348,138.1719543865658,77.367828,185.8174241558462
BOL,Bolivia,79.25,27.373529,40.38075558,29.230309,32.53195343,32.465229,7.84880215,46.355324,158.62885,49.077175,127.25235,,,,,,,,,6.3530722,.32768461,9.6305656,.32768461,,,69.484589,1115.9445,36.391296,21.76363392576855,30.023327,9.160199744118378,18.257671,.8974360004980118,19.757135,2.211857992183417,40.825176,8.004728162378072,234.76726,1047.341435909271,56.875111,6.45489977568062,22.753187,1.203068991839886,54.112667,18.90712563705444,72.939529,1101.417,88.229729,254.984218598362,93.844856,192.7525107069963,86.227135,66.28372282339109,97.131516,177.597987505618,126.22836,190.4411861708975,64.188446,20.30025544033572,94.688843,26.4727991666561,88.990486,61.29661278777057,111.75816,111.2876450526044
LIE,Liechtenstein,72.175003,25.836735,78.7783717211144,29.021399,73.8715351111144,20.969131,4.90683661,44.465771,324.84253,50.665367,324.84253,,,,,,,,,16.199703,12.60485654,24.556988,12.60485654,,,,,,,,,,,,,,,,,,,,,,,,,,,,,,,,,,,,,,,,,,
IRL,Ireland,47.200001,22.77507,2466.47447737202,25.544861,2302.69270464202,14.136271,68.7176,11.807402,278.01089,13.40534,275.0275,17.521315,31.9046,46.866756,15614.8475,61.316071,9436.398999999999,45.82468,6178.4485,24.232224,1928.41172739,36.693977,1922.20761531,4.7826567,6.20411208,11.170566,491.72006,6.197515,11.40005722493958,21.256222,344.7482353454259,8.2014103,8.626774828983239,15.59476,115.3551027032384,5.4781346,2.051049022248946,1.9396256,.062639000415802,9.6655626,3.359847051676363,4.6233954,1.070439989604522,7.3603706,5.04595319185406,8.8664036,209.80739,14.048472,109.1619442246446,7.1284633,8.959251875278772,6.2001529,2.613351050694473,6.2739754,5.07576189280767,3.6157887,.4746949964577798,18.292248,49.825023553762,7.1632681,1.215492996522575,5.5623074,1.587398995097727,15.402297,30.89448995724321
BRB,Barbados,73.724998,22.51384,43.0517888516539,16.23057,10.6726358916539,,,,,,,,,,,,,,,,,,,,,5.2252903,.90942901,,,10.884623,.8364290151000023,2.8987892,.0068829998970032,,,,,7.5142803,.0658109970092773,1.6572171,.000305999994278,,,,,13.094699,12.212649,21.133287,6.714752102651983,10.177098,.4710869933876675,8.6689301,.1290719985575415,13.678893,.9505409896848723,9.8509645,.1734550001504831,24.229755,2.092370119135827,23.446724,.7702120162257925,13.913648,.4489409882928012,14.463031,.4622190045639872
SWE,Sweden,44.625,22.439583,3908.55060411877,22.875673,2739.81313897178,30.971458,1197.35361737514,13.181502,640.86633,15.569004,713.83698,14.279993,28.616152,20.989407,2323.90060167294,31.240549,2067.82272660568,13.39995,255.955583818422,4.0251889,14.64376348,5.9396477,13.50740972,2.2953866,1.13635376,12.668063,1188.2206,10.862704,101.7049647458382,14.314987,174.4579646671042,15.796989,102.1362358850874,19.753916,388.4491666350216,18.042124,121.3989380491991,9.1521845,10.90283439447731,8.263711,3.478862959098071,6.4520059,4.81989298293076,23.749985,280.8717107959092,9.4917793,426.47647,13.370991,155.9367790547018,6.0537663,9.091486040353775,11.712298,29.18709805448074,9.8635502,32.6773426123457,9.0526876,12.34275496189389,23.106508,166.3885170670966,5.9547729,1.15688001192268,6.2135468,3.666180088359863,10.459387,16.02939931391925
ISR,Israel,59.299999,22.120234,289.769290767127,24.386854,256.908565147127,22.454258,35.31388108,14.851676,70.943245,16.525652,66.069977,14.775039,2.4531555,14.393498,58,,,19.169922,58,12.939327,37.64791753,14.360193,14.77347508,14.65202,22.87444245,28.378883,1033.8661,14.226552,17.68231027664617,54.630634,750.4788385479841,27.365639,41.09466668415885,30.171247,107.1189923419543,30.462959,45.22515443941578,15.537332,4.128633032083512,12.593271,.9528830211311579,32.643738,48.31306617286057,22.656471,18.8715107785461,22.321621,429.28067,40.847397,344.0827386981153,18.583742,20.35492015581042,18.76285,9.286944958403241,15.218193,9.288550145874732,22.938211,15.54068090506317,5.7438025,.1978020000420511,32.32542,14.32310301443166,23.25494,14.87484987384779,10.707833,1.331114013373852
NZL,New Zealand,62.950001,21.315517,151.461219878944,23.894278,141.163793838944,,,,,33.754021,328.87848,,,,,,,,,7.0625596,3.57620836,10.318232,3.20146072,4.4516068,.37474764,13.257235,61.569794,18.235716,21.75399915129691,18.757984,17.74674814858427,16.839025,5.593069018105743,18.685081,14.86285201215744,8.470829,.568030997781083,8.3164997,.3698529870063066,3.4902346,.0118500001039356,5.6971035,.1500229979157448,8.1512022,.513364005446434,17.48163,120.45934,27.689888,62.61290161591675,17.622562,10.13929302556336,15.586076,3.109691030034795,17.986731,8.958718933432829,12.146789,1.348050990004092,35.052753,26.26208045333997,22.25996,2.732173963114386,14.575081,2.139294026141055,17.082487,3.15714302843227
FIN,Finland,51.799999,21.252043,867.780189673563,22.732267,702.690155723563,32.064976,347.2693,3.9013925,4.3427806,3.8215044,2.7590272,16.842457,12.271,19.696238,501.8839,24.750092,268.7349,20.352009,234.3761,5.7305641,11.0439,8.6869116,11.0439,3.5940111,1.14004118,15.883907,612.17371,13.27327,48.49513967212755,19.987259,124.1120371659433,17.506544,36.33241794322804,30.094097,358.9673825055007,16.02397,22.22790280254697,4.6262894,.3680439920276403,11.850805,2.681587010500952,7.5233054,1.997172003243701,14.582418,16.99194254997,14.154065,369.60001,18.514172,108.1949497439328,8.9067554,7.567508006011485,10.216504,5.062997065760195,12.652976,18.02856721720192,24.293766,62.34480619058571,36.097275,165.7981552811042,3.7030792,.072714000263717,7.5368791,1.710038976785843,6.0734854,.8202549992855638
MCO,Monaco,73.550003,21.025482,35.8235915703012,23.25013,32.05052503030119,20.329767,3.77306654,12.710475,6.4020319,14.48262,6.4020319,,,,,,,,,19.111187,17.46291861,26.49791,13.36240593,15.763188,4.10051268,,,,,,,,,,,,,,,,,,,,,,,,,,,,,,,,,,,,,,,,
DNK,Denmark,48.950001,20.881285,1369.84944532488,21.839729,1036.98105664013,32.365196,594.294770206022,4.3392878,9.9439268,5.5265822,13.887252,33.575527,161.78024,29.813314,2896.52667723191,36.665977,1454.0412044374,31.473293,1442.48547279451,4.0720048,6.59399391,5.8920474,5.734800320000001,2.7599745,.85919359,14.156297,721.18231,8.5411377,21.50330285291979,23.704329,344.5328796859253,16.073847,46.80002997367829,22.430351,247.350451623216,15.487011,33.39522778495657,5.3073635,.9247649806812406,15.289256,9.582986913576722,10.956907,10.26707710245508,9.0795717,6.825648904677481,10.859704,277.80228,17.74304,158.4790140486066,17.150391,89.91037900957524,6.5552282,2.225653996493434,7.9804249,7.527567975779064,4.9406404,.8726880159107968,11.769869,9.564556069723331,13.547461,5.925107085947879,6.9158387,2.198666971460916,5.6495252,1.098662019144744
TUR,Turkey,61.125,20.786776,183.048800938777,23.806725,181.941756098777,11.898608,4,11.561986,25.480288,15.426693,40.913757,,,13.386327,35.516939,18.978254,27.31243,10.939255,8.204509,7.3898792,5.338757,9.7493172,3.51922328,6.9012318,1.81953372,27.438313,711.33276,26.436819,86.37539852294989,34.770641,147.2957028735288,23.312469,19.33997504806262,39.812466,187.3554146121305,42.291183,92.11613437150977,35.138699,36.35434925762937,37.832806,19.66762577868579,39.518085,65.24917580546531,35.989048,57.57891847276501,45.94046,2848.8687,74.009491,1557.953046611733,33.452812,90.38370173813566,22.299623,11.86837389760464,34.558456,82.80262341437232,58.513538,196.3734613807349,83.271004,458.8132677572459,59.250008,67.1416797507936,73.679695,360.1412594719827,30.4888,23.39127612685505
CYP,Cyprus,61.525002,20.500902,165.588311108579,23.295883,160.759345848579,,,11.070529,21.091978,12.616763,21.105696,,,10.278445,15.161379542218,12.227153,6.887674812095001,11.186696,8.273704730123001,5.9621596,2.643895,9.0379848,2.643895,,,5.1186495,4.3548379,1.3540545,.0109439997226,5.8647423,.6665060009509325,10.328994,1.586244975842535,7.6589594,1.257833997316659,2.8750675,.0272919998914003,9.7790413,.7389129943847657,1.9467847,.0025269998908043,3.9433331,.0611339992210269,1.4351366,.0034430000782013,12.745556,57.367767,13.35648,8.635216024695429,7.117979,.821045999600552,6.3497515,.2583889940306544,6.9067178,.6233060130098602,9.7082596,.8457520113314968,39.277752,45.40456709375326,7.3174791,.1192659997204319,8.9039907,.5993609908223152,4.2764292,.0608670001234859
HUN,Hungary,55.200001,19.96155,405.794817729352,21.949623,356.970786252354,12.293383,11.04342755,26.986063,811.0426,30.21936,769.88306,20.877464,13.189028,6.7726808,11.51466236212,7.9260044,4.9804950228679,7.4678273,6.53416733925208,2.1381567,.32371641,3.0849066,.27910541,1.4765489,.044611,14.431615,259.09766,10.223818,12.50604205507296,20.483959,75.38967336893222,22.959419,46.24788230011706,21.158548,70.40194518479007,11.650392,4.820875013370999,2.5358036,.0342029991522431,19.899817,7.164921911180019,10.787419,3.322447003790992,23.318874,39.20965862874687,10.538931,86.098213,16.33309,41.91941264992812,6.3967438,1.581929937006207,14.063077,7.451743039699155,18.088121,29.7221043336771,5.8937044,.5023389993337914,7.9090142,.9841009778678417,5.7704849,.1552679988443851,9.9655428,2.230747018869384,9.0875635,1.550576988693327
ZAF,South Africa,60.049999,19.899725,188.408131192595,23.623243,208.547417902595,10.619968,3.33652270000001,16.247433,82.949547,18.258287,79.576294,31.963648,22.181108,34.526081,714.901057700002,53.422699,714.696780800002,3.0287194,.204276900000001,4.9029951,1.82921748,6.5162086,1.23271274,4.5119081,.59650474,24.706566,609.24298,12.071528,9.647215158856241,29.383671,104.2852713621923,13.024664,3.956793953960529,19.165607,24.52050280062063,42.513474,109.778843049285,37.483276,51.76838618454942,88.85466,298.9094472933738,13.186745,2.844152942924411,13.45817,3.532345002919436,30.835369,1010.6174,45.526829,425.4484995801421,30.772121,82.53106288858363,34.687454,52.40452331232466,32.054218,77.51568626684882,45.333019,107.1298221614944,49.19162,110.9636456585457,40.311295,24.80618456604879,23.253304,13.28116404039064,49.373333,116.536773047775
MHL,Marshall Islands,71.25,19.385626,37.3724045758079,21.622871,34.3146595158079,,,,,26.881632,54.490856,,,,,,,,,,,,,,,2.9195945,.215712,,,,,,,5.4697285,.1222959985733032,6.0895629,.0692230005264282,,,5.5077763,.0152749996185303,3.2239728,.0089180002212524,,,30.392908,207.63914,19.268059,6.920094000295387,11.776573,.9925559940554667,9.1443338,.205997001869604,8.9217653,.3586240018592216,11.344177,.3601959973511984,99.726807,198.3792787499088,9.838398,.0773759997766465,11.268324,.3242749969690339,4.6404791,.0207599997957004
TWN,Taiwan,60.125,18.741148,155.621070024553,18.536594,99.6316610445531,27.407898,56.71172465999999,7.9669442,9.6706638,9.0674276,9.6377831,10.245438,.72231567,,,,,,,6.3405576,3.91187167,8.4684067,2.67548975,5.7743011,1.23638192,,,,,,,,,,,,,,,,,,,,,,,,,,,,,,,,,,,,,,,,
VEN,Venezuela,71.925003,18.680433,30.7197279980526,21.614464,31.4860133980526,28.251537,12.38080162,58.82756,776.06897,65.856201,736.02338,46.135906,13.147087,,,,,,,3.6863821,.1532428,2.3092322,.01081379,4.8097496,.14242901,21.895096,83.578018,5.0951982,.1429869995117188,43.222157,65.42176044940949,5.4310536,.0565450003892183,3.6971667,.0346950004538521,39.532986,17.39866352564096,,,8.4501724,.0506750011444092,11.650661,.386625,6.7042146,.08606900203228,48.645836,782.12158,92.15062,695.4048866044989,41.722538,40.54668451515748,31.761673,7.929753873170354,31.322659,14.25632903109817,32.692173,7.919467015977949,34.601665,7.611959150174632,30.356667,2.088045992302592,25.3256,3.381889002473908,25.00182,2.9826239948906
MLT,Malta,54.549999,18.084059,335.66840586788,20.615608,329.03264991788,,,11.190789,64.343727,12.751054,64.343727,,,6.961236,13.9100089782719,6.4726591,3.01756639212494,8.5455418,10.892442586147,5.680337,6.75254708,8.6107731,6.75254708,,,4.8819418,11.158234,2.0037985,.1047470034211874,7.6106296,4.301608981966041,9.563324,3.718217089877464,6.9154596,2.734570008039475,2.1882482,.0355380003898172,2.1011341,.0216459999084473,3.8490536,.0576800015568733,2.9046199,.072156000263989,3.1938016,.1120709990262985,11.012183,109.27573,10.094829,11.01047199039022,5.3280535,1.016986023775768,2.9022074,.0728620002865791,5.3421574,.8518209929086734,4.0093865,.1759400001070462,35.049026,95.27950912497937,5.0011277,.1124469996220432,6.612277,.7249359951857477,2.3740432,.0307550001703203
KNA,St. Kitts and Nevis,77.224998,17.933411,14.3331976151019,20.223715,13.6008146151019,,,,,50.153034,171.4317,,,,,,,,,,,,,,,2.6329291,.076641999,,,,,7.439476,.0766420007944107,,,,,,,,,,,,,9.3705282,2.947999,17.853739,2.667031937468797,4.6876812,.0303260005675256,2.7653742,.0027600000258535,6.6518474,.0720039991736412,,,,,16.465105,.1756989970207214,1.1747551,.0001780000030994,,
IDN,Indonesia,55.799999,17.157604,233.796344869788,19.690073,233.796344869788,,,5.4534597,6.0727501,,,19.036213,9.0712118,1.711917,.168718057851826,,,2.2800097,.168718057851826,2.4670374,.45114651,3.7397606,.45114651,2.553618,.209367907677362,24.436243,1141.2114,31.428026,329.5913628888167,28.962835,193.3469798227194,34.452759,141.783340128602,24.777447,102.5748161932554,29.917999,74.07059058630048,6.7426877,.5833920149803161,24.350792,11.91098479974084,41.110088,166.8378809693041,35.021812,120.5119846950471,33.183182,2438.3872,55.922089,1526.526891860786,22.494734,62.41616508532804,18.530785,15.46829003724025,18.035843,26.73329415193875,34.103466,88.30218123472528,38.480774,102.8366702007782,16.841597,3.502182933684439,53.409424,311.5625240562208,54.355389,301.0390165381953
IND,India,54.724998,16.721136,257.810703373961,16.284588,157.565760609126,26.970234,126.044438603984,8.9595861,32.082546,9.1522417,23.116982,35.066437,67.551422,2.7817402,.8623804987023229,4.3046365,.8623804987023229,,,3.724261,1.84904091,5.0844183,1.3506599,3.2163334,.49838101,35.122772,4037.0574,20.92148,115.8344199518096,61.344059,2188.606014317203,29.709982,108.3169207122261,37.476612,422.8515835536708,47.186798,346.2148441830315,47.377037,241.1020985597372,41.476299,70.12039196462649,47.767334,311.8015916235906,41.109589,232.2093724816963,33.596916,3014.9678,44.433819,912.2861250132831,32.710617,228.6422256111412,17.160213,14.63405997114722,25.05163,85.34678345738165,34.865795,112.4114318997262,84.840263,1312.981585072988,65.785072,248.6607202257551,19.322685,17.57639374540048,33.295219,82.42833435314522
ARG,Argentina,49.125,16.081572,605.951612,20.755583,861.956014502478,7.6478529,7.593411179999999,34.206711,4717.2368,34.090679,3156.4915,60.404057,912.23468,15.722266,411.380308406377,18.42078,178.550996241159,17.32077,232.829312165217,9.7660971,88.09232824999999,13.977112,74.13499474,7.0652108,13.95733351,31.457144,7663.1138,44.772507,2999.462444330007,33.22353,918.6203412083406,14.468689,33.05410402527824,27.722433,452.2200225817934,30.693838,251.7598674294184,38.709545,347.4563225873225,23.37475,33.16148819848895,19.622936,57.11182722891611,66.271439,2570.26669924593,34.431389,8574.2627,34.09967,1089.405233654405,47.090149,1802.309198914823,35.441814,340.6381185763488,39.550938,887.3565914328015,49.783848,864.6213497665068,38.784599,331.4204821548052,36.997585,116.8675315905614,35.832291,296.1419225690793,78.419922,2845.501846560598
VIR,US Virgin Islands,71.925003,15.606188,17.9121176361441,17.909668,17.9121176361441,,,43.275135,308.93927,49.308735,308.93927,,,,,,,,,8.1102009,1.63182659,12.294182,1.63182659,,,,,,,,,,,,,,,,,,,,,,,,,,,,,,,,,,,,,,,,,,
SAU,Saudi Arabia,68.949997,12.206882,12.5366517067029,8.043252,2.37295814670291,,,,,,,,,46.968243,518.830809241901,61.942532,321.158825494147,45.348686,197.671983747756,,,,,,,53.301262,1763.4971,10.02425,1.592500959634781,86.954765,779.1008977858573,4.3330674,.0419989994297503,32.019829,32.96306523430161,37.072872,20.98535856130719,148.39668,926.0478729248047,23.953468,1.688157991409302,13.929438,.9663839989453554,6.4255538,.1108270036578178,59.131081,2054.45,110.61019,1758.891716191219,34.08374,32.32925176394719,45.634258,34.39800644764676,55.717506,117.3593410658892,50.444378,42.55137842404458,53.313034,40.7207986044772,37.513344,5.762964907380636,27.752653,6.508851028790465,38.499352,15.92775777189434
LBN,Lebanon,64.599998,11.089097,16.8955156245119,12.120584,14.5975991945119,11.676027,2.29791643,,,16.346783,29.595446,,,9.217906,7.05058969941791,10.789371,3.05110512230348,10.162779,3.99948457711443,2.8810847,.19234176,4.3674111,.19234176,,,5.7785325,4.0395269,7.1895118,1.056180004842579,4.7415986,.2270930021964014,9.7269964,.8540919799804687,3.6324675,.0865149993747473,7.7206693,.3407439952045679,,,6.8616796,.0713370022177696,7.4995365,.2711240005791187,11.467326,1.132442016601563,20.9251,163.66895,40.173714,151.4939156246893,12.673571,2.987902995340992,11.643341,1.027091003752314,14.731269,3.899230919101974,10.422691,.6747310251048766,15.266045,1.718744987073354,13.608453,.4945729954391718,12.890286,1.172450004578335,7.3628645,.2002859999984503
TCA,Turks and Caicos Islands,75.650002,10.549273,3.51206651342717,12.106352,3.51206651342717,,,,,60.215675,357.16492,,,,,,,,,,,,,,,.77137572,.00232,,,1.3159177,.0011720000505447,,,.91786158,.0003370000123978,,,,,,,,,1.6476301,.0008109999895096,5.9835963,.92398,9.2294111,.4435100031336769,.89726233,.0002560000121593,,,1.7579905,.0016000000238419,,,,,15.833473,.1880809965133667,13.00246,.2905329955816269,,
PER,Peru,54.075001,10.186403,64.90366538787561,9.7827511,38.0379847778756,21.84753,74.6070174,27.668507,1052.1194,28.50363,777.5929,30.135426,47.741337,,,,,,,7.7585559,18.61537854,11.458935,17.21701638,4.3766932,1.39836216,19.488983,768.01428,18.792137,93.47426281419304,21.184565,100.3718116106992,4.1612396,.3314059992986731,11.57307,13.8661438875976,41.267559,257.8775388681431,45.25563,234.0012593070137,27.120853,21.83018267370202,24.352453,46.00623123857472,4.0941238,.2554089967086911,27.141243,1770.0133,32.609043,401.5200592397528,33.770317,280.155222083238,30.060661,87.59823224138655,34.094105,239.5631802797666,42.258221,222.8683072248104,38.107399,132.4901137618413,28.096821,21.57245101893134,32.30978,91.50237952130637,49.009964,292.7433627000521
AND,Andorra,54.950001,9.0182714,38.97947776104071,10.349372,38.97947776104071,,,,,,,,,,,,,,,1.7576368,.18731657,2.6643863,.18731657,,,.80386162,.046645001,.87059546,.0080439999457449,1.1065457,.012379999935627,.49128118,.0004720000047237,1.2357395,.0146100000739098,,,,,,,1.5845517,.0109690000712872,.37509853,.0001700000017881,1.4127601,.216049,1.6851758,.0479610009412281,.96734631,.0056989999618381,1.6148412,.0117530000060797,2.7798474,.1123839998282492,.97689962,.0023830000050366,.55850971,.0003610000014305,1.8523459,.005350000012666,1.0262833,.0025379999615252,2.3412263,.0276200008168817
DOM,Dominican Republic,64.724998,8.9935236,8.857612008745161,9.3165922,6.51517704874516,12.805642,2.9791825,45.25116,912.6778,48.085339,740.30426,12.255419,.63674754,,,,,,,17.412216,41.72647758,26.350933,41.51772851,3.981447,.20874907,11.309713,29.763,7.871356,1.362173974603414,17.22714,10.70318579093739,13.307795,2.149466985359788,13.848248,4.711018898081035,22.717777,8.531098779940978,15.912351,2.017082954406738,1.89726,.0014819999784231,6.7331486,.1928249962730333,5.0432425,.0946680032350123,30.339319,490.2587,47.113304,240.1287793341079,32.480927,49.43094203998544,27.645388,13.5110210056873,29.888994,32.00637001210055,56.132038,103.5780017482407,13.718938,1.225849982139654,48.444458,21.92707591927692,29.656357,14.03150001614401,30.807899,14.41917905071168
VCT,St. Vincent & Grenadines,66.5,7.0927224,3.40580231739662,5.321835,.951902997396617,13.018772,2.45389932,30.363371,216.13837,34.596756,216.13837,,,,,,,,,,,,,,,,,,,,,,,,,,,,,,,,,,,6.2524915,3.3637271,9.0520048,1.335061983711552,3.2170532,.0376479998650029,3.8764694,.0291999992392957,9.9140844,.9156169759507756,3.9825366,.0289979995563626,,,18.597778,.9724900148212909,4.7330365,.0447120003253222,,
CRI,Costa Rica,55.799999,6.3336353,11.7605280361116,5.1165829,4.10237740611157,13.625912,13.64364833,19.680973,285.436,18.710983,165.8069,16.57266,5.9854975,5.0033746,4.21213697710433,3.2122307,.3007972595,6.5011678,3.91133971760433,6.6293707,8.754012660000001,9.3824253,7.12412639,5.0610228,1.62988627,7.084115,27.804779,4.8952332,1.245503007877734,9.9544001,7.849816096545895,9.1714697,2.674668996035122,11.891498,11.33915415413701,9.9506798,2.725251017540693,,,11.314478,1.194846022635233,6.706718,.7244019949716749,2.631758,.0511389989554882,15.774887,261.96744,19.943148,69.23653553214483,20.461882,46.97761621361913,14.182489,6.934548912900966,18.101786,27.02759207010502,30.572496,63.61630856652663,8.5003624,1.108483012158424,22.50983,8.361914080886752,21.093889,19.19382021015277,21.833593,19.51060007467121
GTM,Guatemala,74.75,5.6728292,.608238333856579,9.1928549,1.71259176186368,,,38.544247,154.3315,42.568611,140.53624,28.712557,2.2405064,,,,,,,6.3830376,.56244427,9.6759901,.56244427,,,20.555519,48.89394,17.065712,3.798434964343905,34.00782,22.52980876615644,4.0459456,.0165279995836318,7.7621722,.2270009989254177,45.696575,18.99792375853658,,,35.281857,2.607772026430816,15.147047,.6006759867342188,8.3078899,.1157960030287504,38.362801,271.198,52.109268,88.90089149109949,50.451649,50.6859322424368,36.989719,8.855455049903597,57.554951,62.53139682371914,51.117908,21.40434594974248,20.840794,1.175889031529427,48.928207,6.181216000150656,38.225918,8.221899919734103,55.639606,23.24096090489254
GRC,Greece,52.825001,5.2885752,11.2107834774153,5.4808354,8.256347677415279,,,1.3754158,.159523,6.9577909,13.959797,1.7862191,.012271,4.0586214,3.6813,4.3546982,1.2271,4.7221026,2.4542,1.9232191,.34996837,1.7605629,.07707137,2.3666537,.272897,7.3691306,51.246433,6.3217158,4.392194958222797,8.4229412,7.786776117088506,6.0872202,1.280448994746432,8.1867476,6.058392062391853,12.304156,8.436376058885827,18.817892,20.76474113750458,11.163163,1.878980989739299,5.34901,.6017579989572986,2.1673112,.0467660011947155,12.412136,208.94897,21.646105,144.9590874423438,7.9435863,4.500454047522507,5.6047339,.7007739918725565,6.6310105,2.175376988281496,6.313293,.9172670008243294,25.990396,51.88089840624994,7.596314,.5261990037923678,9.813139,3.164225981274038,3.4379613,.1247240011096001
BGR,Bulgaria,52.775002,5.155982,10.477445260054,4.4197702,4.36664784490871,8.820034,6.11079741514524,,,2.7855549,.90344435,,,9.6664343,50.1609388647659,2.1050282,.139791504233719,12.862229,50.0211473605322,3.113662,1.49781516121571,3.748512,.750268,4.1611528,1.49601793253853,7.997345,66.062302,8.4558239,10.60097423185548,9.8225098,12.45474615438003,10.331814,6.31445998510113,13.612009,28.08607744531706,6.4072351,1.201472002859227,1.338766,.0075410000681877,11.668381,2.164180976271629,10.13282,4.125665022498928,6.2056122,1.107189002513886,9.5579538,96.226967,9.5165548,12.42358427924942,4.4085121,.7758610011963174,4.8669534,.4627919905483723,10.626842,9.030449010943993,4.4316869,.3199899966686499,28.745314,70.78989119018522,6.9941244,.4142309867739677,8.3407621,1.959575986897573,2.537708,.0505909994244576
RUS,Russia,59.599998,4.9630656,3.12758643305001,5.687501,3.11423650305001,6.4015856,.7819660552603901,4.7169752,2.171958,4.5299644,1.3004355,,,19.145992,130.448336361667,13.546034,12.4675616005741,24.659792,117.980774761093,2.9473422,.4251807,1.9640687,.03612,3.8255551,.3890607,37.12471,2211.7874,23.864691,79.75969791816919,70.272476,1526.375741694194,26.518749,35.73582238372556,10.835975,4.742053038507467,42.764252,119.5590263046781,68.572685,339.1613614885211,60.564369,101.2864687184356,10.313003,1.455782012047246,13.376439,3.71131198698096,34.927216,1571.5636,62.309063,1167.076420263687,34.752712,127.2073003651386,19.227621,9.550563055357896,35.271469,110.5109619029266,36.087078,57.82590237375803,14.866257,3.277275880843401,28.425257,9.306657051742077,19.276476,8.095913934467012,42.353176,78.71261224188656
SVK,Slovakia,53.174999,4.6809092,7.32484904030019,7.3282452,18.5967005,,,,,,,,,4.1398301,3.6813,,,5.5136156,3.6813,,,,,,,10.314846,132.43149,3.4931815,.6982780117550865,8.252265,6.900394921307219,16.661449,24.74182741450053,17.01384,51.24109880835004,13.076137,9.541722884210758,7.1180348,1.058965990543365,7.826385,.610143995553255,6.8451781,1.188349010050297,20.34466,36.45070162794367,8.2557821,57.937992,12.958294,29.30474483011372,8.023406,4.369893872779794,12.522507,7.365037018943578,10.409321,7.929590076177381,9.2096777,2.683176960914279,11.230025,3.943657052587252,7.3386416,.4470709966346622,6.9288249,1.049568020506762,6.6361728,.8452560143470764
MAR,Morocco,65.974998,4.2974091,.8135440506796621,4.765615,.7340839706796619,,,,,,,,,,,,,,,3.7994409,.36495768,5.7595387,.36495768,,,40.572338,1156.7675,26.848373,45.50631244163402,82.223869,979.7182245022118,23.91256,10.49843602193333,10.422136,1.690574978784658,10.78538,.7685069955810905,54.193817,67.08166007078812,21.349354,1.777689001105726,31.871569,17.21682102288213,37.402519,32.50949258711934,35.806736,678.47827,68.810089,629.8016608189359,19.138922,8.513339011671953,17.176268,2.727976043021306,29.87674,26.9113855689175,15.444393,1.816275001981296,13.709492,1.029850017578341,12.307125,.3026579932859167,19.910471,3.574614969781949,20.919664,3.800602122670039
POL,Poland,46.049999,3.9569354,16.1504895700298,4.1946764,12.7301100880164,9.6002197,26.8731375053214,2.9715476,5.5329685,3.1416252,4.4199476,10.738509,9.170577,,,,,,,2.398262,2.33410966,3.468183,2.02643779,1.6318043,.30767187,10.608606,525.87054,9.5181379,51.56104599406198,15.509368,167.2005009657466,15.957851,79.34461247659755,13.965602,103.4406030843942,14.255633,45.12828195430384,8.3201752,6.173052195859957,13.287087,10.89780103810085,10.292224,14.74409819512069,14.420539,47.38053468035162,14.797663,1217.7804,20.701542,436.1172665173643,14.616117,96.42539279230287,9.0456867,10.13273292436544,17.906063,147.3277276714481,13.519748,30.98294736939855,29.288818,255.3661191808663,11.542789,6.349836946900003,9.1444702,8.806597075002268,27.777813,226.2716826710775
CZE,Czechia,50,3.0416853,3.49774640746397,3.8001063,4.51295015746397,5.8425584,2.88815635666526,,,2.8866076,1.6347595,1.0483092,.0040678917,5.4229622,14.4012718006265,5.1695228,3.36653107027634,6.6091309,11.0347407303502,1.3234699,.187029503904241,1.8227865,.140272127928181,1.1146624,.0467573759760602,12.174892,378.9971,7.7755775,13.40294273919414,14.33625,62.96491188833583,19.151072,65.38981995020806,19.029154,124.7691265871502,16.272676,32.00389091758244,10.360697,5.683371091719716,20.426168,18.87760092374683,13.335193,15.29061786374531,17.534666,40.61482514578104,9.3588839,146.89209,12.956685,50.98161307553248,13.191366,33.79880313884979,8.9828739,4.731341971367597,11.826562,20.23934588927031,15.984832,24.4161767255289,8.6337786,3.118869061676786,9.6650839,1.777393993996084,9.3032742,4.421569944812917,8.7800961,3.406987003292889
LVA,Latvia,55.275002,2.8983741,1.2271,,,,,,,,,,,7.580893,15.9523,,,10.096581,15.9523,,,,,,,6.4068313,22.394503,3.2128932,.3834090071786195,5.2697396,1.268032997641712,12.385982,7.172876110722776,8.640852,4.736848944446072,6.9699755,1.019742988182232,13.637653,5.25568408203125,3.7114081,.0459170012176037,4.585587,.2521060010492802,9.0442858,2.259883040344342,7.2952418,28.210867,11.33547,13.84272280176543,7.5714889,2.591475902119651,2.1894791,.0277800001837313,12.183414,8.972202922936528,6.5856028,.6923270041926298,,,7.4976459,.3364440032541752,8.5202293,1.37719094509352,5.6632819,.3707220074087381
NGA,Nigeria,64.775002,2.7837722,.260861345800525,,,5.6996088,.260861345800525,29.19833,243.49159,32.343239,223.71971,9.2934093,.2757335,,,,,,,,,,,,,28.650932,480.52936,7.4642959,1.153538008546457,38.70586,120.5550099537354,4.0181108,.0587570010682102,4.0046353,.1131360033676028,4.7528238,.077578998208046,89.646606,358.1820458984375,9.6471739,.1934859963431954,6.7833772,.1958069960437715,,,34.205654,697.72302,61.342808,526.363691605173,29.095713,35.28436406040518,12.998116,1.394578001245856,23.805166,16.05823201213591,34.556789,24.0003052903543,24.397449,6.846849875003099,23.567591,2.507121937710792,9.1764507,.4128159965164959,55.750309,84.85505210595578
EST,Estonia,44.200001,2.0385735,3.1941413,2.1580122,2.50705896803625,3.0107718,1.1988767,2.6102092,5.4237819,3.2247219,6.9134817,,,2.2047877,2.935763124,2.3660958,.9791693534,2.5649605,1.9565937706,.58998007,.0502585,.89434552,.0502585,,,4.0631795,42.733467,1.7636454,.4744229949787259,4.0189381,4.207803110210225,8.4888563,17.27459942473634,6.738276,16.80446302566584,3.9027379,1.339256003212184,1.4441704,.0466900005340576,1.8474997,.0423710005190223,1.8935138,.1327890028506517,4.7253013,2.411071965068579,3.7422233,28.486879,4.9575815,8.663054987150012,5.1086407,5.954943775227759,3.2268131,.6652569979726104,4.591208,3.591958977042115,7.4919605,7.625520844928804,.98685259,.0141279998570681,6.2106361,1.430554977792315,2.901571,.406909997947514,2.0655246,.1345530008655041
ALB,Albania,54.450001,1.5941097,.233748632784609,1.8294009,.233748632784609,,,2.1839836,.48623246,,,,,7.3472748,16.62719181,,,9.7854376,16.62719181,,,,,,,2.2507188,1.111612,2.9612744,.3437060000300408,1.6464269,.0442759987786412,2.1031156,.0402039984231815,2.1013348,.0779980010604486,4.5681911,.3287060047907289,,,,,4.5190568,.2762609967403114,.50892437,.0004610000103712,8.8391142,57.451519,16.292418,47.05843328695698,2.081964,.061687999324291,3.0255287,.0839249997735023,4.190104,.4178729974925518,15.102779,9.560334921892732,3.2044883,.0740319976806641,,,3.619344,.1208669996904209,3.1690085,.0743690001964569
ISL,Iceland,42.450001,1.0271895,.5877977711500669,1.6363252,1.57221849386842,2.1031096,.5877977711500669,,,,,,,.43150571,.0316578492256898,.66773856,.0316578492256898,,,2.0332587,2.9592153,3.0821989,2.9592153,.20783147,.0013224667872023,1.9752001,7.0616221,2.5282242,2.010386956062168,1.0372919,.1040699988319538,1.6415987,.179706002196297,2.9178569,1.962778983790427,4.3863587,2.735072995685972,,,.38810024,.0005650000236928,1.3488133,.0690420036166906,,,7.0494189,273.91568,3.3469748,3.834598982705735,16.108418,268.5476494818329,.76972485,.0129889997979626,2.3952613,.7336860071136616,2.9103453,.6430099990628659,1.0270401,.0229080009460449,1.4384851,.0255689995647408,1.4530621,.0735110011473298,.99714482,.0217759998738766
SVN,Slovenia,35.875,.54480159,.3988075,.46144825,.160341201223854,1.103889,.3865365,.5285027,.29450399,,,.44406709,.0061355,2.6897142,34.8668194,4.0913014,33.1145206,1.3219815,1.7522988,,,,,,,2.6564217,78.114983,1.689541,2.728421007422265,4.128552,29.83926167678274,3.7298989,9.585724056589417,3.8870599,21.10159093873855,3.6859801,7.380532974525821,,,2.1724534,.450650987342,3.3813784,4.946651145186741,2.4060564,2.082152003347874,4.5687985,339.10571,8.6747036,303.5978244216805,3.3463871,10.94872299152135,2.6609397,2.440318953476381,2.0588219,2.118751993248239,3.8881609,6.972507068735547,5.0017815,12.03292855322361,1.5477018,.1448209992200136,1.8590535,.7000799885531888,1.1445411,.1497510021403432
OMN,Oman,73.5,,,,,,,,,,,,,,,,,,,4.4858313,.227217,,,5.9973431,.227217,29.517866,168.51529,25.660707,15.02975919264555,52.77552,98.00165309682302,4.2128406,.0217169992923737,7.3797283,.2270459978915751,44.770641,20.79456593894027,59.72081,33.95941064453125,19.094595,.481128999710083,,,,,51.149044,748.13965,53.926769,114.6803613549173,21.099415,4.315064076527022,31.787987,6.541413009225158,28.724669,9.047528709137579,49.004864,21.94901594833727,157.36235,589.1703642912136,23.402414,.7872139712139032,21.252838,1.644613985554315,2.9588397,.0040679999887943
MKD,North Macedonia,61.950001,,,,,,,,,,,,,2.6615334,.2474258,3.0796783,.10344405,2.9594204,.14398175,,,,,,,5.3250747,4.6086721,4.735868,.4401080132126808,2.6842701,.0600660005044192,8.8722506,.9449100117810303,2.409394,.0368069990575314,8.3139572,.6203080181479455,,,,,2.0783651,.008412999949418,13.164899,2.498059924840927,9.528965,22.533131,18.059454,20.06337257863197,5.7025805,.3968299965154147,6.0695548,.212112998025259,7.2694139,.6830890084303682,6.4171476,.2295819988619769,9.3299141,.5719859986901283,4.2144198,.0214160001259297,6.3086724,.2003740043188445,5.9535551,.1543689962532371
PHL,Philippines,67.099998,,,,,,,,,,,,,,,,,,,2.9347847,.14445218,,,3.9236674,.14445218,26.400856,273.72977,22.930498,24.34838678848371,21.454857,14.94845002857782,55.375122,111.9701727868151,44.239658,111.0481906427245,10.688793,.6424499980718829,1.7661172,.0019940000548959,23.981339,2.163882991176099,21.395903,4.473489028215409,19.785172,4.132747911639512,40.600616,849.47705,54.805527,273.2954649791951,32.933563,37.2542410893793,32.445152,15.79121078336984,28.4161,19.88574080758984,25.128027,6.718250180062838,105.40268,401.9543957514642,10.31572,.1530709999403916,27.672806,8.24244716833625,62.293011,86.1822994661741
HRV,Croatia,53.125,,,,,,,,,,,,,,,,,,,2.1730306,.479739,1.9643911,.101739,2.6833503,.378,5.1540823,16.662266,3.3641019,.6289980112880003,8.0822372,6.537718971431953,5.891418,1.103137973187491,8.5996065,6.673042927442118,5.6495481,.7760799884349108,1.4560876,.0091420001983643,4.439178,.1122879996746779,5.2258201,.5332489913795143,4.0435138,.2886080025136471,8.2610159,58.541805,15.733752,52.90153067506664,4.4484282,.7510889710902702,2.1972656,.0401260000132024,5.2328382,1.015950009047519,5.1157002,.4637759924083948,8.7137108,1.857989968746901,2.931694,.0287450006082654,7.7506633,1.481581017052173,.70360214,.0010160000212491
MNE,Montenegro,60.674999,,,,,,,,,,,,,,,,,,,,,,,,,1.2734861,.076008998,,,,,.52862543,.0002410000041127,2.2456095,.0359329996109009,2.7573085,.0272849998474121,,,,,.97458744,.0010459999442101,2.0578084,.011503999710083,7.9833226,15.977886,15.097099,14.13365396407433,3.5083706,.11142700054124,2.571856,.0194589998030569,5.8151736,.421648996557924,4.0365076,.0688989981925115,9.6443539,.7618260258790106,5.2041202,.0486239996193908,7.2757607,.3706350010249298,3.6161983,.0417129997871816
NRU,Nauru,59.075001,,,,,,,,,,,,,,,,,,,,,,,,,.35527,.0020989999,,,,,.21968403,.0000219999998808,.80136514,.0020769999027252,,,,,,,,,,,.62533516,.0097669996,1.1398019,.0077360000610352,.15405801,.0000120000001043,,,,,.75083244,.0005640000104904,,,,,1.059333,.0014550000429153,,
AIA,Anguilla,75.449997,,,20.67238,17.9077862357669,,,45.152683,228.13634,51.448055,228.13634,,,,,,,,,24.292772,28.509937,36.825199,28.509937,,,3.4574907,.213954,.42513958,.0000540000014007,5.8197503,.1038249969482422,1.105464,.0003100000061095,6.2134271,.1070629997253418,,,,,,,2.5713058,.0027019999027252,,,5.1739149,.61176002,10.156776,.6053360013961792,1.018984,.0003840000033379,,,,,,,3.1405337,.0037000000476837,,,2.5857303,.0023399999588728,,
CMR,Cameroon,70.25,,,,,,,,,,,,,,,,,,,,,,,,,7.7510538,4.5839071,12.811371,2.809972977399826,12.073627,1.762861968994141,1.7513431,.0023440001159906,2.1718805,.0086949999928474,,,.51648051,.0000329999998212,,,,,,,17.316626,43.614323,31.113592,33.08989520664827,10.715861,.8492320003638743,6.8637543,.0989320002086461,14.747099,1.839305020234548,16.155432,1.181469007811509,25.856899,3.926781942605972,8.263176,.0520620000381023,12.028287,.4479129934497177,20.818304,2.128736047606915
RWA,Rwanda,72.125,,,,,,,3.2910087,.13252307,3.0850267,.073794656,,,,,,,,,,,,,,,4.0656838,.52191395,1.7228066,.0053910000324249,8.6665277,.5143809814453125,1.8271616,.0020999999046326,,,.53475553,.0000420000012964,,,,,,,,,11.168129,9.2304964,21.394474,8.487784090355039,3.8219929,.0303990007925313,4.9368329,.0290430001919158,9.8589172,.4335769966356456,6.3602276,.0568759998641908,,,3.6677859,.0035919999291655,4.0753236,.0137440000474453,9.8054285,.1754809925183654
BLZ,Belize,75.099998,,,27.791349,45.3704376192626,,,,,63.798843,453.62781,,,,,,,,,12.1428,3.71274686,17.913599,3.42202508,6.9453735,.29072178,3.7445734,.28341201,1.320426,.001686999976635,2.208704,.0059180002470966,6.4659414,.0646839981079102,6.627615,.135485000282526,1.132125,.0002770000100136,,,,,7.6898217,.075360996723175,,,12.082158,8.1232595,17.467604,3.210720999481389,9.8548803,.3622069978511427,8.2581844,.0944849996427074,16.943203,1.529600992787397,8.7114487,.1015769996126182,20.908356,1.138477975983173,22.204391,.5539289842764847,17.500637,.7564869807194918,14.267948,.3757750006914139
GUM,Guam,70.300003,,,,,,,,,,,,,,,,,,,,,,,,,,,,,,,,,,,,,,,,,,,,,4.2059474,.62094003,8.2810555,.6198989868164062,,,,,.72815406,.0002199999988079,,,,,,,1.4751879,.0008210000023246,,
NAM,Namibia,71.300003,,,,,,,,,,,,,,,,,,,,,,,,,10.691318,10.525875,1.9645683,.00886599995289,3.3225408,.032145999699831,3.9250939,.0230889998432249,4.0204759,.0482619992494583,2.7531767,.0063569999933243,36.669762,10.33445272827148,,,6.5022707,.0727019999916665,,,12.821672,15.491174,21.963644,10.18519017896382,14.968219,2.025193983334117,7.2153692,.1005629998580553,14.927608,1.669227982853074,4.2997651,.0194900002887007,.74140501,.0000810000002384,10.610311,.0964439995379653,17.79221,1.268478006739635,8.4938545,.1265060018077493
BRN,Brunei,73.300003,,,,,,,,,,,,,,,,,,,,,,,,,2.9802833,.17774899,,,6.3821378,.177617006957531,.76257569,.0001320000011474,,,,,,,,,,,,,6.2688398,1.411503,9.4005318,.6225629944871179,4.6794705,.048240999638103,4.8861294,.0243459992017597,8.9573278,.2811580012245103,9.3634357,.1569110019132495,2.7558324,.0032430000305176,3.8930831,.0037139999680221,10.408589,.1979880045708269,7.69525,.0733389994651079
MSR,Montserrat,73.75,,,,,,,,,,,,,,,,,,,,,,,,,.60063028,.001377,,,,,,,1.3506342,.0013499999642372,.49342597,.0000270000007004,,,,,,,,,3.1767988,.173847,6.1104794,.1618190054520965,,,,,,,,,,,5.8665791,.0120279998779297,,,,
BGD,Bangladesh,74.625,,,,,,,,,,,,,,,,,,,,,,,,,28.492369,132.18951,15.627537,2.961044008851051,11.747197,.9426829967498779,3.0638146,.0072859997600317,7.8119264,.2349059929549694,6.1755567,.0476020006090403,,,1.5159589,.0002099999934435,90.018654,127.9957838190212,,,67.879814,1525.1727,121.55163,1145.473956786959,11.700941,.6418970042872243,3.0700908,.0051400001645088,21.428728,3.276280965266284,65.689316,46.11143813171238,31.091341,3.963544089853764,2.2860239,.0006399999856949,129.65596,325.6998317187839,,
BWA,Botswana,56.799999,,,,,,,,,,,,,,,,,,,,,,,,,.48020488,.0073810001,.19393173,.0000660000005737,.1098884,8.99999961257e-06,.88411736,.0020419999659061,.97115982,.0052639997750521,,,,,,,,,,,3.8780746,3.3171849,5.6208181,1.32106900972873,.97104281,.0042790000173263,3.0680282,.0598290007989854,6.8514447,1.249000008642441,2.4994891,.0296279991369229,,,9.1651478,.4810389925651252,4.4806805,.1567819978361949,2.135525,.0155590003021061
ASM,American Samoa,69.300003,,,,,,,,,,,,,,,,,,,,,,,,,1.8622788,.071863003,1.0185131,.001595999956131,,,5.2227187,.0702669982910156,,,,,,,,,,,,,5.47405,1.557339,5.8880463,.253498997926712,11.777192,1.274347966104746,,,,,.49321142,.0000379999987781,,,5.2941518,.0154770002365112,3.6352813,.0139770003072917,,
SMR,San Marino,60.349998,,,,,,,,,,,,,,,,,,,,,,,,,5.700377,7.1546078,,,11.891977,6.609805946585722,2.4788969,.026082000285387,5.3539271,.5110940053611994,1.7492768,.0073119999683695,,,.617661,.0000960000008345,,,.53985435,.0002179999947548,3.6274109,1.573081,3.0546629,.1228730020783842,3.1523871,.084837000732543,2.1687965,.0122469997406006,8.1168242,1.20341101758182,2.0657372,.009691999733448,,,,,3.8682172,.0584569992944598,4.4496965,.0815640029907227
GGY,Guernsey,70.650002,,,36.506966,178.205401392489,,,29.168983,111.12996,33.235844,111.12996,,,66.152634,1164.26781858213,95.443428,943.604402005984,50.608902,220.66341657615,30.002127,97.03862720999999,45.202576,95.27391011,10.548196,1.7647171,,,,,,,,,,,,,,,,,,,,,,,,,,,,,,,,,,,,,,,,
LKA,Sri Lanka,75.75,,,,,,,,,,,,,,,,,,,,,,,,,21.742729,51.341541,15.176242,2.37017997931072,36.116673,23.94426431105286,20.915447,2.025903023187071,12.614186,.864395984116476,1.8419831,.0011039999582572,15.859098,.4847980127334595,15.586535,.1994900074452162,51.880276,21.41511015396006,5.8727322,.0362910009101033,17.340494,22.222706,23.592794,7.320762061206857,28.947327,8.494615797280799,8.6935854,.1020050022900105,14.990291,.9802509978730232,14.263516,.4125909963874146,22.847597,1.374682033658028,3.8023477,.0025739999376237,30.02253,3.534250068320893,2.0126286,.0009760000109673
PAK,Pakistan,66.349998,,,,,,,2.335264,.1003498,,,,,,,,,,,,,,,,,17.032848,81.332474,11.324286,3.244864019738045,14.041015,4.636061098337174,2.9514217,.0187579997126013,20.740942,12.66181507222587,17.878468,3.326431970253121,20.83547,3.622521041870117,22.551645,1.991052005521953,46.794086,51.77997623785772,4.4203048,.0509929997511208,41.501171,1003.8504,65.656448,519.9072551398187,24.208036,16.37090118538216,9.5865507,.4506999913305044,25.00914,14.99957469285652,40.208004,30.45459965279419,11.109511,.5207639987448929,10.349103,.1710160002037883,99.100349,418.8481202448951,17.536505,2.127471006810665
ATG,Antigua and Barbuda,76.974998,,,,,,,,,29.789433,36.987946,,,,,,,,,12.051673,2.90731971,3.0711656,.013812,16.086956,2.89350771,2.3105395,.053328998,1.6933755,.0028499999120831,1.3477634,.0010770000293851,4.7135115,.0200700002536178,4.131875,.0262949999719858,2.7081871,.0030370000300463,,,,,,,,,18.612749,23.787054,24.842159,7.397461216120748,8.3279018,.1750739974190947,6.6725173,.0399199996814132,8.4785271,.1535200000398327,6.7953262,.0386160000753589,51.704693,13.79008899218915,25.205572,.648991990685463,10.082727,.1158740010224283,23.972189,1.427508024990559
BRA,Brazil,49.150002,,,,,,,,,,,,,,,,,,,,,,,,,10.076084,250.68823,6.2501855,8.122678959876765,7.9225674,12.39960795618128,9.8349171,10.33382494471129,14.158066,59.96235238342639,12.648746,17.5382623910493,2.6326423,.1088010002300143,4.7529626,.2775220010385383,10.116878,7.790849019560032,24.804558,134.1543502576463,10.623391,250.68823,6.6719031,8.122678959876765,8.9698648,12.39960795618128,11.070522,10.33382494471129,16.134167,59.96235238342639,13.597893,17.5382623910493,2.6796215,.1088010002300143,4.9435334,.2775220010385383,10.673311,7.790849019560032,28.372959,134.1543502576463
GRD,Grenada,65.900002,,,,,,,,,,,,,,,,,,,,,,,,,1.5315661,.062864996,,,1.2873759,.0037989999949932,.53830832,.0001210000030696,3.1026094,.0450600002706051,2.7920041,.0134689997881651,,,,,,,.87185991,.0004160000085831,8.4083233,8.875967,15.882813,7.824836958773434,4.0489707,.0814379997719079,4.9069982,.0642610010281205,2.3515508,.0132569998670369,1.3545717,.001237999996054,,,16.519806,.7395080140586943,6.9151392,.1512980002809781,.67676282,.0001299999952316
UKR,Ukraine,58.875,,,2.052213,.163339930542075,,,2.5374086,.3774589,2.6148179,.27923295,,,,,,,,,2.1206503,.17681822,,,2.8352087,.17681822,12.084068,85.159225,11.990032,11.29314884508587,16.926733,23.8156833773976,18.018892,12.5160388828041,11.234375,5.899934871040751,22.991331,20.74292276384635,10.445695,1.338451977051795,6.3266025,.1288989944641944,18.518993,9.410898144882172,1.971162,.0132589996047318,17.345142,214.88776,26.831602,104.045528032966,18.049934,19.89805738542765,10.091069,1.541351974031422,20.607851,24.60768650233594,24.766525,20.86894025568082,24.183405,15.75064455509186,9.8226547,.4287509998772293,9.9982872,1.261240003823768,28.396288,26.48555384831829
QAT,Qatar,73.574997,,,4.6509614,.255775728173649,,,,,,,,,,,,,,,6.2442093,.60723699,,,8.3482113,.60723699,41.644329,468.88428,,,86.159706,422.5344760801792,.49544239,.000035000000149,1.5109795,.0019309999644756,38.258572,12.85789751636982,59.626514,33.4899970703125,,,,,,,36.885395,278.00168,57.019741,134.3276441845381,48.026676,50.42400563497038,33.792053,7.786460983210593,37.639935,20.17089533920074,55.625526,31.80780568996351,41.469265,10.68393122655153,28.747705,1.44588602725789,21.526691,1.69339698045468,50.179901,19.66164684692025
IMN,Isle of Man,65,,,16.077118,32.2260937164924,,,17.417948,50.101128,19.84643,50.101128,,,,,,,,,15.551706,28.61620048,21.59193,21.9860978,12.770173,6.630102679999999,,,,,,,,,,,,,,,,,,,,,,,,,,,,,,,,,,,,,,,,
LBR,Liberia,73.25,,,13.535918,6.561420924843651,,,,,,,,,,,,,,,,,,,,,3.7493844,.35610801,,,8.0311203,.3561080017089844,,,,,,,,,,,,,,,33.836746,223.3333,34.311234,30.45806564737158,16.32995,2.062757043721736,10.532734,.2453710044883192,8.4841623,.240385999442311,12.034175,.3351689962933306,106.60152,188.8625912500061,18.804644,.4211370112927398,15.230938,.6241809962389525,8.0234604,.0836409996673465
TTO,Trinidad and Tobago,68.949997,,,,,,,,,,,,,,,,,,,,,,,,,26.672773,220.98701,3.2687392,.0552159982789308,48.562874,135.7146876743147,4.5859241,.0497889981716871,10.794593,1.262958984583616,5.2204361,.0585960014052689,66.635452,83.84495998430252,,,,,1.2428541,.0008019999861717,29.43837,253.50662,34.320129,52.54124978841352,22.438742,9.224637971893419,16.681606,1.680249997381121,39.131069,40.65441976458859,40.232937,21.58840036537312,75.314934,114.804620937088,44.480171,9.607002007164061,20.259573,2.532104982769117,14.629497,.8739419763530605
GMB,Gambia,72.724998,,,,,,,,,,,,,,,,,,,,,,,,,.9785462,.0067540002,,,1.7516583,.003941999912262,.88569021,.000222000002861,1.609255,.0025899999698158,,,,,,,,,,,26.982445,120.82215,52.866962,118.8670475736464,11.683683,.8060240150712198,1.804777,.0013169999513775,4.3383374,.0342899993220344,6.5369759,.0573139995215461,3.6265097,.007933000087738,12.984521,.1479180028396659,16.771027,.8890469989364501,4.0234027,.011252000214532
MDV,Maldives,75.199997,,,,,,,,,,,,,,,,,,,,,,,,,.39908296,.00033899999,,,.73558146,.0002160000056028,.80426943,.0001230000033975,,,,,,,,,,,,,12.81922,9.5869532,24.860027,9.145474008104763,.63775915,.0000969999971567,,,.30710295,8.99999961257e-06,,,,,,,14.682126,.4413729924783111,,
LCA,St. Lucia,72.224998,,,,,,,18.539616,23.398668,21.124485,23.398668,,,,,,,,,,,,,,,.2006949,.000061999999,,,,,.56707376,.0000619999989867,,,,,,,,,,,,,18.395117,40.735779,14.084112,2.391456005765125,7.6717191,.2428019969922025,2.5444469,.0039270000006072,8.5114079,.2755289920795476,4.802413,.0241809996138327,59.271152,36.85247265625,23.270359,.9059790031891316,5.116024,.0268540007919073,4.0898676,.0125759999807924
TZA,Tanzania,68.849998,,,,,,,10.435931,6.4200001,,,,,,,,,,,,,,,,,4.6585054,1.19282,1.9302722,.0115200000721961,9.9153996,1.170353952169418,.72461814,.0001989999972284,1.2690254,.0020790000222623,2.4629114,.0062340002059937,.19098479,2.00000009499e-06,,,1.8864586,.0024320000335574,,,13.877781,26.907972,23.376965,16.82251202967158,14.858243,2.713494965631398,16.115559,1.534861942751217,19.441868,5.051607066964265,9.4171162,.2804800008544698,.85805112,.0001720000058413,11.731838,.1785909935701638,6.5534554,.0868310028226115,9.4601698,.2394220025353134
VUT,Vanuatu,76,,,,,,,,,,,,,,,,,,,,,,,,,.51723921,.00067099999,,,,,1.4541893,.0006610000133514,.28812516,9.99999977648e-06,,,,,,,,,,,3.6004016,.193102,2.407012,.0075469999639317,2.1067691,.0031790000307374,,,1.6324546,.0012290000012144,6.9757686,.0468530010129325,10.439124,.127289999878034,1.0656046,.000054999999702,2.5282598,.0020490000098944,3.4804754,.0049000000953674
SRB,Serbia,54.375,,,,,,,,,,,,,,,,,,,,,,,,,6.5889258,28.237156,7.7162247,6.156778145670891,10.712214,12.34713410293264,9.7395964,4.04287497839611,7.6051722,3.743799029501155,6.8778172,1.135832981713116,,,6.2116833,.2495460100397468,5.1583223,.4159960025949404,3.4483287,.1451959990113974,9.5375338,73.075371,16.486694,49.37069856883294,8.2569532,3.896081952681882,6.3526268,.7865659925304354,10.566072,6.784193096382777,11.089825,3.832341018995154,13.161232,5.193027203977108,4.5913815,.0895639994124649,10.193551,2.733897978904657,5.4783306,.3890040040276945
GIB,Gibraltar,66.775002,,,,,,,40.245468,484.95624,45.856651,484.95624,,,5.8562398,1.342,,,7.7996092,1.342,40.542011,397.82187525,61.457272,397.82187525,,,.44146407,.0013370001,,,.41251719,.0001110000014305,1.0662284,.0008350000157952,.50347835,.0001710000038147,.73699409,.0002199999988079,,,,,,,,,4.9238024,1.5828249,4.3634839,.1440909998398274,1.9721403,.0083569999958854,1.854797,.0030819999091327,3.2170541,.0301440009481739,1.1982353,.0007609999978449,15.690742,1.385254943359643,1.4244158,.0004209999906598,2.9151504,.010066000007093,1.2027236,.0006480000019073
VNM,Vietnam,80.875,,,,,,,,,,,,,,,,,,,,,,,,,92.169067,2169.6885,60.818325,84.62662513551581,73.714775,112.9423836905044,222.22714,1348.104363825561,91.166641,181.033098717068,96.25486,87.39674526982755,9.6538734,.0606659982204437,68.643791,9.453471889004112,153.79063,309.4696720072134,71.675217,36.60163044419489,104.5073,2698.7805,174.76512,1650.811605053214,55.359413,32.9615676595245,78.382347,41.47579179337202,40.722565,10.90253897141002,64.921448,21.58338322284922,183.60257,395.760056042416,73.919518,10.49169117388851,194.41119,532.395570957657,33.053062,2.398332052059472
KWT,Kuwait,74.574997,,,,,,,,,,,,,,,,,,,,,,,,,9.8027353,5.4159298,6.4151874,.2060730018615723,8.3604794,.3418820030838251,5.9355044,.0532959998846054,7.6755595,.2241659990549087,11.88271,.3411640146747231,31.199877,4.24901904296875,,,1.2318712,.000330000013113,,,33.923744,191.52632,64.754791,174.2362015002313,18.682373,2.628565986796981,12.045604,.3123310013245791,23.031725,4.092522968437523,28.384243,3.742624047201127,6.7849765,.0414410018920898,24.079332,.7524730022866278,30.821026,4.401505054855719,21.230186,1.318636010631919
SLV,El Salvador,60.5,,,,,,,,,14.220349,35.152241,,,2.1481655,.161,,,2.8610253,.161,,,,,,,5.7647209,7.2361398,7.6072698,2.257461901567877,4.5465121,.3612089983001351,7.4564366,.6941550081023015,6.7582817,1.005285022945143,12.457884,2.582798006843776,,,1.9654826,.0030250000022352,6.2384377,.2815699978489429,3.3433247,.0506360010355711,14.421308,96.665581,20.525253,36.45264570768248,18.813856,17.63588390917692,13.944124,3.183052944412339,20.515326,19.00149612159305,14.580355,3.332648016645107,7.8245955,.417552994735539,16.352661,1.548331003701082,19.787712,7.652224008411634,20.181664,7.441752974122763
ECU,Ecuador,52.224998,,,4.4467697,4.88687708192257,,,11.14305,94.011978,10.998542,61.111099,,,,,,,,,3.88008,3.18503471,5.3214302,2.35870241,3.3085434,.8263323,8.9372807,101.31666,12.952344,41.8669589822879,7.9716854,7.31587805486191,3.9701557,.3937110015228391,5.5044675,2.040885987918824,19.806713,39.0020400826782,,,3.9363596,.091304999768734,12.292172,8.093514989841729,7.902329,2.512357932433486,17.172176,613.23419,19.503235,117.5103127265614,24.847126,152.6457309482795,19.893021,34.72680498818727,22.690067,96.59448982228992,27.82003,86.98619835204829,9.7517138,3.037114952575299,22.380302,14.91381711185398,23.806454,50.06996620754025,25.551849,56.74972714337706
KAZ,Kazakhstan,62.900002,,,,,,,,,,,,,16.250196,49.10675282,7.6554265,1.38552282,21.437269,47.72123,,,,,,,13.872334,71.049843,,,19.848274,21.17552790491283,.73002189,.0004589999914169,1.975907,.0177020002603531,12.787137,1.967976992249489,41.973083,47.88791668273881,.39270183,.0000170000009239,.66379225,.000238999992609,,,11.614976,35.584042,20.39365,25.19363902114704,10.788266,2.342939983476885,7.2058306,.3095029995404184,15.58605,5.87088100292813,12.95965,1.648949989249697,,,5.1949897,.0349780000504106,4.8324957,.0785339994104579,5.473752,.1046169993691146
DZA,Algeria,79.074997,,,,,,,,,,,,,,,,,,,,,,,,,59.728519,723.04126,4.7034039,.0479309988021851,101.93587,365.7214112548828,.47380969,.00001600000076,,,.93470436,.000097999997437,162.95239,357.2718390960694,,,,,,,74.142502,1180.0635,143.03,1108.129943568401,23.399721,3.048185992254759,33.963299,4.13185899095214,26.532179,3.692470002935151,50.550991,12.47728000218794,82.670006,44.24005631446838,19.779703,.2461519953450188,34.456352,3.629563976002857,17.921497,.4681370151042938
CUW,Curaao,76.050003,,,39.549927,116.774305596737,,,67.192024,700.0625,76.560211,700.0625,,,,,,,,,21.166349,17.56073824,32.054005,17.50845224,4.0710788,.052286,2.4945362,.074824996,,,1.1935642,.0008339999914169,,,5.448884,.0672369995117188,3.409045,.0067540001384914,,,,,,,,,18.390079,25.580788,34.355511,21.81513761051558,9.0899839,.2538389984813985,6.021029,.0327030000621453,9.0884714,.2108289989042096,4.9980135,.0171309999593068,2.3588874,.001460000038147,19.765181,.3489039953202009,17.618933,.689357995653525,26.74983,2.211427052140236
GHA,Ghana,52.674999,,,,,,,11.636557,99.10817,9.5356207,36.866055,,,,,,,,,,,,,,,7.9136147,65.111008,15.044061,60.72768915599585,1.5802562,.0527549989782274,,,.76778877,.0051269998550415,1.2386031,.0088290001302958,10.671229,3.884826904296875,6.7740488,.4307450014352798,.63584918,.0010370000004768,,,12.096284,198.41353,22.807035,173.9512364963936,8.8171844,6.314094008659944,5.8183808,.8043299708007835,8.8633671,5.329743004945107,9.9389505,3.671675890975282,3.3587146,.1148689957037568,9.956459,1.215544004395604,8.7146349,2.273557018117048,11.459329,4.738483932830393
ABW,Aruba,70.925003,,,,,,,,,26.999411,57.529316,,,8.1340437,2.09,11.142954,1.45,7.3019419,.64,,,,,,,.20603941,.000078999998,,,,,.58217496,.0000790000036359,,,,,,,,,,,,,16.08453,32.069122,26.652845,19.08527202960244,6.4479752,.169760999308899,5.664382,.0510190003681928,6.6303349,.1533779981439002,33.392689,9.57289814227773,3.8135555,.0115590000152588,23.03513,1.034843008864671,12.433225,.4538959989259019,19.217968,1.53649399299128
BHR,Bahrain,68.199997,,,,,,,9.1509037,4.7142167,10.757361,5.1770058,,,67.738686,1717.40281310644,32.849823,52.8568452890231,89.28228,1664.54596781742,3.4911473,.21006,,,4.6674981,.21006,21.207287,122.56503,1.506282,.0059620002637384,24.480467,19.18323260959238,2.1586602,.0057300002258271,6.5780826,.3153680060356855,52.441795,65.54346695853397,49.305321,37.4792890625,3.3435109,.0050660000443459,3.5613227,.0178209998607636,2.7013812,.0090869998931885,39.810368,691.80786,35.665001,65.06231511280919,41.544548,64.60186422734381,10.452978,.456173001968069,15.731399,2.914699010517448,26.980085,7.183800908709527,122.83766,549.6164472343697,20.970118,1.110810973480344,11.584283,.522332995293662,10.329406,.3394450066760182
LTU,Lithuania,50.950001,,,,,,,2.3256269,1.067577,2.7571542,1.202558,,,2.8380167,1.742482,4.0455704,1.362081,2.2759359,.380401,.96579117,.061355,1.4640343,.061355,,,5.6632142,32.200424,5.3798537,3.747536898239516,9.3531694,14.76048462936934,8.8430958,5.434707967277617,6.421257,4.047075029400177,5.9599938,1.32738099339162,4.6970444,.4470390014648438,5.2468657,.2700960029289126,7.1801777,2.014953035425395,2.8751488,.1511490009948611,5.8542523,30.350985,9.4077826,16.47502018742578,8.2038288,6.862999975993996,3.3166878,.2010410009808838,7.8968635,5.086476089048199,4.7937684,.5559260096475482,1.5727512,.0159150002673268,5.3658533,.2567529972568154,5.3430076,.7070640195915475,3.5480354,.1897879963042214
TUN,Tunisia,59.575001,,,,,,,,,,,,,,,,,,,,,,,,,10.61552,51.906025,11.318744,8.54182192774117,17.321877,22.94723129807413,14.317067,5.644773904961534,9.7861929,3.506254974088632,7.0226741,.5314799973932095,18.621077,6.81721484375,7.6123605,.2018819962143898,13.751988,3.464791013551876,5.4399662,.2505729997754097,18.985052,253.34656,36.717529,239.7208365317192,13.154586,6.924959933649982,7.8247876,.6461149899316951,9.0065651,1.84693700036034,11.109924,1.693714971800568,4.1723104,.0727239991128445,8.2032022,.2245279978942126,11.055194,1.532927982311579,8.6957388,.6838260302506387
MAC,Macao,63.099998,,,,,,,1.8538762,.078895964,2.1123512,.078895964,,,9.3881369,9.20227354862258,11.569171,4.647334912730551,9.890749,4.55493863589203,,,,,,,4.812603,2.8830121,2.5587265,.0588219984769821,8.254612,1.480293055176735,4.3553762,.0947269968208857,6.8527231,.7176360028088092,4.6549673,.0922660010010004,,,1.3657701,.0006949999928474,8.1966324,.4373199886456132,1.1053447,.0012530000209808,9.6101618,19.587734,18.34691,17.82734671679128,5.3372707,.2757120035607368,1.4796041,.002604000069201,1.8933663,.010228000164032,.55666614,.0001270000040531,,,3.6663418,.0119490000605583,12.923579,1.459766980390996,,
EGY,Egypt,68.25,,,,,,,11.724038,9.8488283,11.430379,6.1699071,,,,,,,,,6.7658868,1.51896696,.16994277,6.91000000000e-06,9.0456553,1.51896005,28.600233,298.64502,31.752693,55.48174600599985,52.315681,185.9917436164208,18.605562,3.644730019625277,20.026321,8.840123938757461,17.158676,2.280778957605362,37.164097,15.9446905169487,38.507603,7.688324126407504,36.310314,18.76390684069123,2.6933515,.0089470001235604,55.271488,1839.2294,101.92377,1508.56653842493,39.453312,54.96529906000907,31.424299,12.31236606282415,41.619308,53.61812450401275,34.285271,14.64476381413918,83.331383,170.4614341681115,30.529129,3.40499202260247,19.950037,2.650369021864608,39.323658,18.60546236379444
KEN,Kenya,66.699997,,,,,,,,,,,14.136916,.74569803,,,,,,,,,,,,,4.3571253,1.298489,7.5275784,.9090040130445268,3.2274451,.0536989996880293,3.5673811,.0315920005571097,5.1564665,.1855680015562102,4.5954914,.0538790009329096,1.5064987,.001305999994278,3.2817602,.0058519999235868,4.0073595,.0310169997662306,3.6136394,.0265719994492829,16.477303,59.921444,21.755367,18.03967994914856,16.864498,5.278980980229797,18.526207,3.102386028911569,19.497219,6.778546993028373,14.725513,1.426798002946423,13.748062,.9412750227302313,20.431034,1.254975993187982,16.030001,1.690704017456621,38.462357,21.4080940540731
JOR,Jordan,71.925003,,,,,,,,,,,,,,,,,,,4.1948791,.225807,,,5.6083541,.225807,21.993319,84.707863,12.438538,2.080276992339641,41.826725,59.28768677062169,.66754794,.0001050000023097,4.5696235,.0655089988708496,,,48.531811,22.14774609375,,,16.198414,1.039096006371081,6.739727,.0874440021514893,33.892021,264.50244,65.565056,250.4726141797661,20.030296,4.486474048633478,15.014818,.8377409791515674,23.500517,6.020937932123895,12.720351,.4665109940283,10.990623,.2439339952468872,20.332779,.6274340031147003,11.680958,.3318299978142604,17.454967,1.014940998189151
SYC,Seychelles,72.175003,,,,,,,41.87434,271.29355,47.712631,271.29355,,,,,,,,,11.101028,4.05607957,16.827951,4.05607957,,,2.6057014,.13654099,1.1803517,.0017230000495911,2.4812891,.0119970002919435,6.7779355,.1065300001651049,2.3382609,.0085070000588894,2.8314722,.0061960000619292,,,,,,,1.7900696,.0015879999697208,10.100337,6.785511,19.343285,6.234063975465484,4.3144588,.0434570001456887,3.3252716,.0088199999807402,6.3240337,.1137239999687299,5.9730239,.0468149993866682,,,15.116626,.2499079981893301,7.4689875,.0840820005666465,2.9274988,.0046409999197349
COK,Cook Islands,69.75,,,,,,,,,,,,,,,,,,,,,,,,,,,,,,,,,,,,,,,,,,,,,3.5177593,.38990301,1.1740631,.0018960000053048,,,,,.40951085,.0000419999994338,.97856748,.0002799999937415,11.697261,.3876849975585938,,,,,,
FJI,Fiji,70.300003,,,,,,,,,,,,,,,,,,,,,,,,,2.0629146,.085864998,.83714575,.0007789999842644,,,1.7458017,.0023069999217987,4.6129613,.0827789962291718,,,,,,,,,,,4.8593688,.95762998,7.026732,.3787250071220333,3.0385952,.0192389998601284,3.5531712,.0136370004303753,6.9077744,.1878309994079173,9.2517796,.2204760010894388,1.2329289,.0004230000078678,4.2323623,.0069509998857975,7.9855428,.1302309988950146,.79322016,.0001169999986887
ROU,Romania,59.375,,,,,,,,,5.2508111,2.0954013,,,3.5311284,.846699,1.3322439,.012271,4.6800885,.8344279999999999,,,,,,,16.882746,215.21233,6.8280439,1.932808005491272,16.129726,19.0972260812833,26.116173,35.31481334296149,25.006086,60.29528401975799,24.069382,22.05556298673689,1.9423674,.0079749998915941,15.0847,1.619174017854035,17.049454,6.80543605179037,34.880707,68.08405341740698,19.867348,299.25629,37.353859,260.1570933975197,7.8996601,1.545805012099212,17.560902,7.527944133677986,17.071699,12.96428784272005,13.99974,3.493099044157542,17.412251,5.448242937922478,14.420856,1.25729502036795,15.043016,3.98080898029916,13.904697,2.881739057004452
DMA,Dominica,65.175003,,,,,,,,,,,,,,,,,,,,,,,,,.92963004,.01553,,,1.8814514,.0131000000238419,1.3139786,.0019439999908209,.58577639,.0003350000083447,.60448217,.0001509999930859,,,,,,,,,5.6298599,2.943198,10.356999,2.396812988990685,3.1415796,.042022001221776,1.8075135,.0035479999817908,5.8249321,.2225839965101331,.50293827,.000070000000298,,,11.422316,.2700409851074219,2.4954016,.0078539997898042,.83113104,.0002660000026226
